te_value,ti_value,te_ddrho,ti_ddrho,te_transp_flux,ti_transp_flux
1422.22860924657,769.4745745488223,-3138.03503336047,-2420.64001419732,107403.393587765,-2008934.849308
479.5559824375506,769.4745745488223,-3138.03503336047,-2420.64001419732,62265.8904884188,595720.799415307
479.5559824375506,1055.70203901776,-3138.03503336047,-2420.64001419732,117097.867437805,1509079.71953588
479.5559824375506,1341.929503486698,-3138.03503336047,-2420.64001419732,189029.487361864,2792598.97552845
479.5559824375506,1055.70203901776,-3138.03503336047,-2420.64001419732,62265.8904884188,1100931.97784449
479.5559824375506,452.4802252061361,-3138.03503336047,-2420.64001419732,189029.487361864,94124.7803282569
1422.22860924657,769.4745745488223,-3138.03503336047,-2420.64001419732,326454.87535416,-3441864.0814962
479.5559824375506,1341.929503486698,-3138.03503336047,-2420.64001419732,62265.8904884188,1659742.67717017
815.5188116571696,1341.929503486698,-3138.03503336047,-2420.64001419732,81280.1676916107,1318479.68530713
815.5188116571696,769.4745745488223,-3138.03503336047,-2420.64001419732,81280.1676916107,-23820.0976304462
479.5559824375506,1658.923852829384,-3138.03503336047,-2420.64001419732,62265.8904884188,2221180.01459644
479.5559824375506,452.4802252061361,-3138.03503336047,-2420.64001419732,62265.8904884188,-1449.55194196612
1118.87371045187,1341.929503486698,-3138.03503336047,-2420.64001419732,442146.396629519,1559663.70435051
1118.87371045187,769.4745745488223,-3138.03503336047,-2420.64001419732,442146.396629519,-1827208.74650889
1422.22860924657,1658.923852829384,-3138.03503336047,-2420.64001419732,326454.87535416,1385326.23426909
815.5188116571696,1658.923852829384,-3138.03503336047,-2420.64001419732,28122.3651963856,1263358.37476269
1422.22860924657,1055.70203901776,-3138.03503336047,-2420.64001419732,326454.87535416,-1869316.76612595
815.5188116571696,769.4745745488223,-3138.03503336047,-2420.64001419732,28122.3651963856,-42935.6258573309
1422.22860924657,452.4802252061361,-3138.03503336047,-2420.64001419732,326454.87535416,-5129733.40257447
815.5188116571696,1658.923852829384,-3138.03503336047,-2420.64001419732,81280.1676916107,2074686.86787872
815.5188116571696,1055.70203901776,-3138.03503336047,-2420.64001419732,81280.1676916107,658991.015342027
1118.87371045187,769.4745745488223,-3138.03503336047,-2420.64001419732,179205.901058328,-1238708.56050345
815.5188116571696,452.4802252061361,-3138.03503336047,-2420.64001419732,81280.1676916107,-756704.837194666
479.5559824375506,1341.929503486698,-3138.03503336047,-2420.64001419732,21552.5129808873,955940.78517163
1758.19143846619,769.4745745488223,-3138.03503336047,-2420.64001419732,224761.205259659,-4627538.54346535
479.5559824375506,769.4745745488223,-3138.03503336047,-2420.64001419732,21552.5129808873,350659.125759323
1118.87371045187,1658.923852829384,-3138.03503336047,-2420.64001419732,442146.396629519,3467715.32318386
1758.19143846619,1658.923852829384,-3138.03503336047,-2420.64001419732,363070.187776027,-386220.454422973
1118.87371045187,1341.929503486698,-3138.03503336047,-2420.64001419732,32947.6625008637,410027.569730713
1118.87371045187,1055.70203901776,-3138.03503336047,-2420.64001419732,442146.396629519,-104349.086496075
1758.19143846619,1055.70203901776,-3138.03503336047,-2420.64001419732,363070.187776027,-4012326.75514595
1118.87371045187,769.4745745488223,-3138.03503336047,-2420.64001419732,32947.6625008637,-515275.936638384
815.5188116571696,452.4802252061361,-3138.03503336047,-2420.64001419732,152913.846780798,-1101589.49321734
479.5559824375506,452.4802252061361,-3138.03503336047,-2420.64001419732,288591.491493786,35293.4204637236
1422.22860924657,452.4802252061361,-3138.03503336047,-2420.64001419732,202106.074651299,-4125901.11158624
1118.87371045187,452.4802252061361,-3138.03503336047,-2420.64001419732,442146.396629519,-3670087.98561684
1758.19143846619,452.4802252061361,-3138.03503336047,-2420.64001419732,363070.187776027,-7632011.8464328
1118.87371045187,1658.923852829384,-3138.03503336047,-2420.64001419732,95241.6784137746,1637738.93901034
815.5188116571696,1341.929503486698,-3138.03503336047,-2420.64001419732,246939.917189407,2337543.79569587
815.5188116571696,1055.70203901776,-3138.03503336047,-2420.64001419732,28122.3651963856,358820.496559784
1758.19143846619,1055.70203901776,-3138.03503336047,-2420.64001419732,554708.773269653,-5188190.74859975
1118.87371045187,1055.70203901776,-3138.03503336047,-2420.64001419732,95241.6784137746,-18193.7010269404
815.5188116571696,769.4745745488223,-3138.03503336047,-2420.64001419732,246939.917189407,-866.960524229662
1758.19143846619,1658.923852829384,-3138.03503336047,-2420.64001419732,119435.813288271,-187301.116072656
1758.19143846619,452.4802252061361,-3138.03503336047,-2420.64001419732,554708.773269653,-9661701.48081211
1118.87371045187,1658.923852829384,-3138.03503336047,-2420.64001419732,179205.901058328,2129600.31838585
815.5188116571696,1658.923852829384,-3138.03503336047,-2420.64001419732,377161.498072299,4621417.7095894
1758.19143846619,1055.70203901776,-3138.03503336047,-2420.64001419732,119435.813288271,-2263888.43485346
1118.87371045187,1055.70203901776,-3138.03503336047,-2420.64001419732,179205.901058328,-141419.094302776
815.5188116571696,769.4745745488223,-3138.03503336047,-2420.64001419732,377161.498072299,-157060.312950904
1758.19143846619,1658.923852829384,-3138.03503336047,-2420.64001419732,224761.205259659,-402983.666449564
1422.22860924657,1658.923852829384,-3138.03503336047,-2420.64001419732,498734.47492305,1991774.93336029
1118.87371045187,452.4802252061361,-3138.03503336047,-2420.64001419732,179205.901058328,-2416467.22521262
479.5559824375506,1658.923852829384,-3138.03503336047,-2420.64001419732,21552.5129808873,1296936.39892695
1758.19143846619,1055.70203901776,-3138.03503336047,-2420.64001419732,224761.205259659,-3251310.96677568
1422.22860924657,769.4745745488223,-3138.03503336047,-2420.64001419732,498734.47492305,-4326981.7257464
479.5559824375506,1658.923852829384,-3138.03503336047,-2420.64001419732,288591.491493786,4775126.69483436
479.5559824375506,1055.70203901776,-3138.03503336047,-2420.64001419732,21552.5129808873,658558.336337055
815.5188116571696,769.4745745488223,-3138.03503336047,-2420.64001419732,81280.1676916107,-47142.5406378147
1758.19143846619,452.4802252061361,-3138.03503336047,-2420.64001419732,224761.205259659,-6104691.11166609
1118.87371045187,1658.923852829384,-3138.03503336047,-2420.64001419732,32947.6625008637,931312.879070233
815.5188116571696,1341.929503486698,-3138.03503336047,-2420.64001419732,152913.846780798,1772540.57044182
479.5559824375506,452.4802252061361,-3138.03503336047,-2420.64001419732,21552.5129808873,20180.2737471596
1758.19143846619,1341.929503486698,-3138.03503336047,-2420.64001419732,363070.187776027,-2263401.88931642
1118.87371045187,1055.70203901776,-3138.03503336047,-2420.64001419732,32947.6625008637,-44585.6146608851
815.5188116571696,769.4745745488223,-3138.03503336047,-2420.64001419732,152913.846780798,-64643.9849916415
1422.22860924657,769.4745745488223,-3138.03503336047,-2420.64001419732,107403.393587765,-1974803.95479003
1758.19143846619,769.4745745488223,-3138.03503336047,-2420.64001419732,363070.187776027,-5695093.24597111
1118.87371045187,452.4802252061361,-3138.03503336047,-2420.64001419732,32947.6625008637,-1020484.10839201
815.5188116571696,1658.923852829384,-3138.03503336047,-2420.64001419732,246939.917189407,3654926.86625436
1422.22860924657,1658.923852829384,-3138.03503336047,-2420.64001419732,202106.074651299,1179257.46608917
1118.87371045187,1341.929503486698,-3138.03503336047,-2420.64001419732,442146.396629519,1500816.83518427
1758.19143846619,1341.929503486698,-3138.03503336047,-2420.64001419732,554708.773269653,-3026722.56564798
1118.87371045187,1341.929503486698,-3138.03503336047,-2420.64001419732,95241.6784137746,781904.013901718
815.5188116571696,1055.70203901776,-3138.03503336047,-2420.64001419732,246939.917189407,1188653.34733661
1758.19143846619,1341.929503486698,-3138.03503336047,-2420.64001419732,41310.8473981167,-741449.885476383
1422.22860924657,1055.70203901776,-3138.03503336047,-2420.64001419732,202106.074651299,-1386512.10213116
1118.87371045187,769.4745745488223,-3138.03503336047,-2420.64001419732,442146.396629519,-1886055.61567511
479.5559824375506,452.4802252061361,-3138.03503336047,-2420.64001419732,288591.491493786,73703.1098152207
1118.87371045187,452.4802252061361,-3138.03503336047,-2420.64001419732,95241.6784137746,-1819581.77960157
815.5188116571696,452.4802252061361,-3138.03503336047,-2420.64001419732,246939.917189407,-1273252.82614822
1758.19143846619,452.4802252061361,-3138.03503336047,-2420.64001419732,41310.8473981167,-2660353.63840921
1422.22860924657,452.4802252061361,-3138.03503336047,-2420.64001419732,202106.074651299,-3947738.13455965
815.5188116571696,1658.923852829384,-3138.03503336047,-2420.64001419732,28122.3651963856,1248160.73378538
1758.19143846619,1341.929503486698,-3138.03503336047,-2420.64001419732,119435.813288271,-1260542.81049948
815.5188116571696,1055.70203901776,-3138.03503336047,-2420.64001419732,377161.498072299,1312580.36554872
1422.22860924657,1055.70203901776,-3138.03503336047,-2420.64001419732,326454.87535416,-1928803.1265952
815.5188116571696,1055.70203901776,-3138.03503336047,-2420.64001419732,28122.3651963856,416660.950656215
1758.19143846619,452.4802252061361,-3138.03503336047,-2420.64001419732,119435.813288271,-4522881.0712247
1422.22860924657,1658.923852829384,-3138.03503336047,-2420.64001419732,37151.4401376733,523890.972917188
479.5559824375506,1341.929503486698,-3138.03503336047,-2420.64001419732,117097.867437805,2198955.01372839
1422.22860924657,452.4802252061361,-3138.03503336047,-2420.64001419732,326454.87535416,-5183446.12699023
815.5188116571696,1658.923852829384,-3138.03503336047,-2420.64001419732,81280.1676916107,2048857.47145822
1422.22860924657,1055.70203901776,-3138.03503336047,-2420.64001419732,498734.47492305,-2383621.98233863
1422.22860924657,1055.70203901776,-3138.03503336047,-2420.64001419732,37151.4401376733,-574573.33482114
479.5559824375506,452.4802252061361,-3138.03503336047,-2420.64001419732,117097.867437805,74115.9613079559
815.5188116571696,1055.70203901776,-3138.03503336047,-2420.64001419732,81280.1676916107,635668.572334659
1422.22860924657,1658.923852829384,-3138.03503336047,-2420.64001419732,107403.393587765,794844.787978881
1118.87371045187,1658.923852829384,-3138.03503336047,-2420.64001419732,289440.933822436,2906664.09532805
479.5559824375506,769.4745745488223,-3138.03503336047,-2420.64001419732,189029.487361864,1068120.60345354
815.5188116571696,452.4802252061361,-3138.03503336047,-2420.64001419732,81280.1676916107,-780027.280202034
1422.22860924657,1055.70203901776,-3138.03503336047,-2420.64001419732,107403.393587765,-1072539.19826378
1118.87371045187,769.4745745488223,-3138.03503336047,-2420.64001419732,289440.933822436,-1626682.68506862
479.5559824375506,1055.70203901776,-3138.03503336047,-2420.64001419732,288591.491493786,2405210.05764904
479.5559824375506,769.4745745488223,-3138.03503336047,-2420.64001419732,117097.867437805,841062.099074319
1422.22860924657,452.4802252061361,-3138.03503336047,-2420.64001419732,107403.393587765,-2943235.865961
1118.87371045187,1658.923852829384,-3138.03503336047,-2420.64001419732,442146.396629519,3408868.45401762
1758.19143846619,1658.923852829384,-3138.03503336047,-2420.64001419732,363070.187776027,-445957.619991228
479.5559824375506,1055.70203901776,-3138.03503336047,-2420.64001419732,189029.487361864,1947582.19459725
1758.19143846619,1658.923852829384,-3138.03503336047,-2420.64001419732,41310.8473981167,-87845.4646941717
1422.22860924657,1341.929503486698,-3138.03503336047,-2420.64001419732,202106.074651299,-149003.37356616
1118.87371045187,1055.70203901776,-3138.03503336047,-2420.64001419732,442146.396629519,-163195.955662302
1758.19143846619,1055.70203901776,-3138.03503336047,-2420.64001419732,363070.187776027,-4072063.92071419
1118.87371045187,769.4745745488223,-3138.03503336047,-2420.64001419732,32947.6625008637,-531353.074224285
479.5559824375506,1341.929503486698,-3138.03503336047,-2420.64001419732,288591.491493786,3491320.75952487
1758.19143846619,769.4745745488223,-3138.03503336047,-2420.64001419732,41310.8473981167,-2006749.21762699
1422.22860924657,769.4745745488223,-3138.03503336047,-2420.64001419732,202106.074651299,-2577208.31854359
1118.87371045187,452.4802252061361,-3138.03503336047,-2420.64001419732,442146.396629519,-3735260.36534224
1758.19143846619,452.4802252061361,-3138.03503336047,-2420.64001419732,363070.187776027,-7698170.22143717
1422.22860924657,1341.929503486698,-3138.03503336047,-2420.64001419732,326454.87535416,-356255.811224938
815.5188116571696,1341.929503486698,-3138.03503336047,-2420.64001419732,28122.3651963856,818417.07307333
1758.19143846619,1341.929503486698,-3138.03503336047,-2420.64001419732,554708.773269653,-2715538.00804933
1758.19143846619,1658.923852829384,-3138.03503336047,-2420.64001419732,119435.813288271,-221571.898571811
815.5188116571696,452.4802252061361,-3138.03503336047,-2420.64001419732,28122.3651963856,-487876.92754669
1758.19143846619,452.4802252061361,-3138.03503336047,-2420.64001419732,554708.773269653,-9743465.55507375
1422.22860924657,1341.929503486698,-3138.03503336047,-2420.64001419732,37151.4401376733,-43827.8435478141
1758.19143846619,1055.70203901776,-3138.03503336047,-2420.64001419732,119435.813288271,-2301843.01905084
1422.22860924657,452.4802252061361,-3138.03503336047,-2420.64001419732,37151.4401376733,-1769525.62989457
1758.19143846619,452.4802252061361,-3138.03503336047,-2420.64001419732,119435.813288271,-4378430.33783165
1422.22860924657,1658.923852829384,-3138.03503336047,-2420.64001419732,498734.47492305,1918261.47078409
479.5559824375506,769.4745745488223,-3138.03503336047,-2420.64001419732,117097.867437805,764959.194447379
1118.87371045187,1055.70203901776,-3138.03503336047,-2420.64001419732,289440.933822436,-232433.133895748
1758.19143846619,1055.70203901776,-3138.03503336047,-2420.64001419732,224761.205259659,-3303370.93909862
1422.22860924657,1055.70203901776,-3138.03503336047,-2420.64001419732,498734.47492305,-2103838.2932808
479.5559824375506,1341.929503486698,-3138.03503336047,-2420.64001419732,189029.487361864,2923691.9173167
479.5559824375506,769.4745745488223,-3138.03503336047,-2420.64001419732,62265.8904884188,558067.296254095
1758.19143846619,452.4802252061361,-3138.03503336047,-2420.64001419732,224761.205259659,-6151698.23942473
1118.87371045187,1658.923852829384,-3138.03503336047,-2420.64001419732,32947.6625008637,913507.593411183
479.5559824375506,1658.923852829384,-3138.03503336047,-2420.64001419732,288591.491493786,4813536.38418585
479.5559824375506,1341.929503486698,-3138.03503336047,-2420.64001419732,117097.867437805,2302180.53380333
1758.19143846619,1341.929503486698,-3138.03503336047,-2420.64001419732,363070.187776027,-2323139.05488467
1118.87371045187,1055.70203901776,-3138.03503336047,-2420.64001419732,32947.6625008637,-60662.7522467864
479.5559824375506,1658.923852829384,-3138.03503336047,-2420.64001419732,189029.487361864,3897687.74044198
1758.19143846619,769.4745745488223,-3138.03503336047,-2420.64001419732,363070.187776027,-5761251.62097548
479.5559824375506,452.4802252061361,-3138.03503336047,-2420.64001419732,189029.487361864,28578.3094341327
1758.19143846619,1658.923852829384,-3138.03503336047,-2420.64001419732,554708.773269653,-321731.384527103
1758.19143846619,769.4745745488223,-3138.03503336047,-2420.64001419732,554708.773269653,-7349658.93155152
1758.19143846619,1341.929503486698,-3138.03503336047,-2420.64001419732,119435.813288271,-1298497.39469685
1758.19143846619,769.4745745488223,-3138.03503336047,-2420.64001419732,119435.813288271,-3267234.05920745
1758.19143846619,1341.929503486698,-3138.03503336047,-2420.64001419732,224761.205259659,-1927143.36240895
1422.22860924657,1341.929503486698,-3138.03503336047,-2420.64001419732,498734.47492305,-160478.549873037
1422.22860924657,452.4802252061361,-3138.03503336047,-2420.64001419732,498734.47492305,-6479235.20897972
479.5559824375506,1658.923852829384,-3138.03503336047,-2420.64001419732,189029.487361864,3801039.60886625
479.5559824375506,1341.929503486698,-3138.03503336047,-2420.64001419732,62265.8904884188,1624009.66323917
479.5559824375506,1658.923852829384,-3138.03503336047,-2420.64001419732,117097.867437805,2993023.76694275
479.5559824375506,769.4745745488223,-3138.03503336047,-2420.64001419732,117097.867437805,868184.71452232
479.5559824375506,1055.70203901776,-3138.03503336047,-2420.64001419732,189029.487361864,1978683.85527886
1118.87371045187,452.4802252061361,-3138.03503336047,-2420.64001419732,95241.6784137746,-1789315.66257243
479.5559824375506,769.4745745488223,-3138.03503336047,-2420.64001419732,62265.8904884188,577854.292449807
1118.87371045187,1341.929503486698,-3138.03503336047,-2420.64001419732,179205.901058328,993349.947950264
815.5188116571696,1055.70203901776,-3138.03503336047,-2420.64001419732,377161.498072299,1368173.97110005
1118.87371045187,769.4745745488223,-3138.03503336047,-2420.64001419732,179205.901058328,-1163749.40839873
815.5188116571696,452.4802252061361,-3138.03503336047,-2420.64001419732,377161.498072299,-1678882.78258082
479.5559824375506,1341.929503486698,-3138.03503336047,-2420.64001419732,21552.5129808873,976974.308657948
815.5188116571696,1658.923852829384,-3138.03503336047,-2420.64001419732,152913.846780798,2844904.51585735
479.5559824375506,769.4745745488223,-3138.03503336047,-2420.64001419732,21552.5129808873,372823.106794139
815.5188116571696,1055.70203901776,-3138.03503336047,-2420.64001419732,152913.846780798,903638.300546445
815.5188116571696,452.4802252061361,-3138.03503336047,-2420.64001419732,152913.846780798,-1037627.91476446
1118.87371045187,1341.929503486698,-3138.03503336047,-2420.64001419732,95241.6784137746,666714.692393522
815.5188116571696,1341.929503486698,-3138.03503336047,-2420.64001419732,246939.917189407,2423170.86013195
1118.87371045187,769.4745745488223,-3138.03503336047,-2420.64001419732,95241.6784137746,-903214.620434646
815.5188116571696,452.4802252061361,-3138.03503336047,-2420.64001419732,246939.917189407,-1444506.95502038
1758.19143846619,769.4745745488223,-3138.03503336047,-2420.64001419732,41310.8473981167,-1984424.37322501
1758.19143846619,452.4802252061361,-3138.03503336047,-2420.64001419732,554708.773269653,-9514045.07173675
1118.87371045187,1658.923852829384,-3138.03503336047,-2420.64001419732,179205.901058328,2208588.1887118
815.5188116571696,1341.929503486698,-3138.03503336047,-2420.64001419732,377161.498072299,2837814.64959968
1422.22860924657,1341.929503486698,-3138.03503336047,-2420.64001419732,326454.87535416,-296769.45075569
1118.87371045187,1055.70203901776,-3138.03503336047,-2420.64001419732,179205.901058328,-66459.9421980518
815.5188116571696,769.4745745488223,-3138.03503336047,-2420.64001419732,377161.498072299,-51268.9143138589
1422.22860924657,769.4745745488223,-3138.03503336047,-2420.64001419732,326454.87535416,-3388151.35708044
815.5188116571696,452.4802252061361,-3138.03503336047,-2420.64001419732,28122.3651963856,-472679.286569379
1118.87371045187,452.4802252061361,-3138.03503336047,-2420.64001419732,179205.901058328,-2337479.35488667
479.5559824375506,1658.923852829384,-3138.03503336047,-2420.64001419732,21552.5129808873,1317969.92241327
815.5188116571696,1341.929503486698,-3138.03503336047,-2420.64001419732,81280.1676916107,1341802.1283145
1422.22860924657,452.4802252061361,-3138.03503336047,-2420.64001419732,37151.4401376733,-1749448.57573999
479.5559824375506,1055.70203901776,-3138.03503336047,-2420.64001419732,21552.5129808873,680722.317371872
815.5188116571696,769.4745745488223,-3138.03503336047,-2420.64001419732,81280.1676916107,-497.654623078286
815.5188116571696,1341.929503486698,-3138.03503336047,-2420.64001419732,152913.846780798,1839939.79685809
1422.22860924657,1341.929503486698,-3138.03503336047,-2420.64001419732,107403.393587765,-139456.228674127
1118.87371045187,1055.70203901776,-3138.03503336047,-2420.64001419732,289440.933822436,-179691.425856502
479.5559824375506,1658.923852829384,-3138.03503336047,-2420.64001419732,62265.8904884188,2183526.51143523
815.5188116571696,769.4745745488223,-3138.03503336047,-2420.64001419732,152913.846780798,-682.40653876615
1422.22860924657,769.4745745488223,-3138.03503336047,-2420.64001419732,107403.393587765,-1913167.52866324
1118.87371045187,452.4802252061361,-3138.03503336047,-2420.64001419732,289440.933822436,-3070437.1525977
1118.87371045187,1658.923852829384,-3138.03503336047,-2420.64001419732,95241.6784137746,1552815.7345313
815.5188116571696,1658.923852829384,-3138.03503336047,-2420.64001419732,246939.917189407,3740553.93069044
1758.19143846619,1658.923852829384,-3138.03503336047,-2420.64001419732,41310.8473981167,-172811.226141672
1422.22860924657,1658.923852829384,-3138.03503336047,-2420.64001419732,202106.074651299,1268338.95460247
1118.87371045187,1341.929503486698,-3138.03503336047,-2420.64001419732,442146.396629519,1618510.57351674
815.5188116571696,769.4745745488223,-3138.03503336047,-2420.64001419732,246939.917189407,-127123.88446189
1758.19143846619,1055.70203901776,-3138.03503336047,-2420.64001419732,41310.8473981167,-1394257.58787345
1422.22860924657,769.4745745488223,-3138.03503336047,-2420.64001419732,202106.074651299,-2755371.29557019
1118.87371045187,769.4745745488223,-3138.03503336047,-2420.64001419732,442146.396629519,-1762036.36678349
1758.19143846619,452.4802252061361,-3138.03503336047,-2420.64001419732,41310.8473981167,-2617870.75768546
1422.22860924657,1658.923852829384,-3138.03503336047,-2420.64001419732,326454.87535416,1444812.59473834
815.5188116571696,1341.929503486698,-3138.03503336047,-2420.64001419732,28122.3651963856,760576.618976899
1422.22860924657,1055.70203901776,-3138.03503336047,-2420.64001419732,326454.87535416,-1815604.04171018
815.5188116571696,769.4745745488223,-3138.03503336047,-2420.64001419732,28122.3651963856,-27737.9848800194
1758.19143846619,769.4745745488223,-3138.03503336047,-2420.64001419732,554708.773269653,-7267894.85728988
1422.22860924657,1341.929503486698,-3138.03503336047,-2420.64001419732,37151.4401376733,-120238.776728341
1422.22860924657,452.4802252061361,-3138.03503336047,-2420.64001419732,326454.87535416,-5076020.6781587
815.5188116571696,1658.923852829384,-3138.03503336047,-2420.64001419732,81280.1676916107,2098009.31088609
1118.87371045187,1341.929503486698,-3138.03503336047,-2420.64001419732,179205.901058328,955870.371897899
1422.22860924657,769.4745745488223,-3138.03503336047,-2420.64001419732,37151.4401376733,-1161652.70512042
479.5559824375506,1055.70203901776,-3138.03503336047,-2420.64001419732,288591.491493786,2324261.9818886
815.5188116571696,1055.70203901776,-3138.03503336047,-2420.64001419732,81280.1676916107,682313.458349395
1118.87371045187,769.4745745488223,-3138.03503336047,-2420.64001419732,179205.901058328,-1201228.98445108
815.5188116571696,452.4802252061361,-3138.03503336047,-2420.64001419732,377161.498072299,-1729080.57566654
1422.22860924657,1658.923852829384,-3138.03503336047,-2420.64001419732,107403.393587765,859793.895560248
1118.87371045187,1341.929503486698,-3138.03503336047,-2420.64001419732,289440.933822436,1214558.12531637
1758.19143846619,1341.929503486698,-3138.03503336047,-2420.64001419732,224761.205259659,-1875083.39008602
815.5188116571696,452.4802252061361,-3138.03503336047,-2420.64001419732,81280.1676916107,-730875.440774167
479.5559824375506,1341.929503486698,-3138.03503336047,-2420.64001419732,21552.5129808873,966457.546914789
1422.22860924657,1055.70203901776,-3138.03503336047,-2420.64001419732,107403.393587765,-1010902.77213698
1118.87371045187,769.4745745488223,-3138.03503336047,-2420.64001419732,289440.933822436,-1526318.28156134
1758.19143846619,769.4745745488223,-3138.03503336047,-2420.64001419732,224761.205259659,-4580531.41570671
1422.22860924657,452.4802252061361,-3138.03503336047,-2420.64001419732,498734.47492305,-6405721.74640352
479.5559824375506,452.4802252061361,-3138.03503336047,-2420.64001419732,288591.491493786,-45654.6552967193
479.5559824375506,769.4745745488223,-3138.03503336047,-2420.64001419732,21552.5129808873,361175.887502482
1422.22860924657,452.4802252061361,-3138.03503336047,-2420.64001419732,107403.393587765,-2878286.75837964
1118.87371045187,1658.923852829384,-3138.03503336047,-2420.64001419732,442146.396629519,3526562.19235009
1758.19143846619,1658.923852829384,-3138.03503336047,-2420.64001419732,363070.187776027,-326483.288854728
1118.87371045187,1341.929503486698,-3138.03503336047,-2420.64001419732,32947.6625008637,426104.707316614
815.5188116571696,1055.70203901776,-3138.03503336047,-2420.64001419732,152913.846780798,871657.511320007
1422.22860924657,1055.70203901776,-3138.03503336047,-2420.64001419732,202106.074651299,-1517862.56700519
1118.87371045187,1055.70203901776,-3138.03503336047,-2420.64001419732,442146.396629519,-39176.7067706777
1758.19143846619,1055.70203901776,-3138.03503336047,-2420.64001419732,363070.187776027,-3946168.38014158
1118.87371045187,769.4745745488223,-3138.03503336047,-2420.64001419732,32947.6625008637,-499198.799052486
815.5188116571696,452.4802252061361,-3138.03503336047,-2420.64001419732,152913.846780798,-1069608.7039909
815.5188116571696,1658.923852829384,-3138.03503336047,-2420.64001419732,28122.3651963856,1205517.92066626
1758.19143846619,1658.923852829384,-3138.03503336047,-2420.64001419732,554708.773269653,-632915.942125753
1118.87371045187,1658.923852829384,-3138.03503336047,-2420.64001419732,95241.6784137746,1668005.0560395
815.5188116571696,1341.929503486698,-3138.03503336047,-2420.64001419732,246939.917189407,2378173.65519746
1758.19143846619,1055.70203901776,-3138.03503336047,-2420.64001419732,554708.773269653,-5106426.67433811
1118.87371045187,769.4745745488223,-3138.03503336047,-2420.64001419732,95241.6784137746,-933480.737463793
815.5188116571696,769.4745745488223,-3138.03503336047,-2420.64001419732,246939.917189407,44130.2444102642
1758.19143846619,1658.923852829384,-3138.03503336047,-2420.64001419732,119435.813288271,-149346.531875284
479.5559824375506,1055.70203901776,-3138.03503336047,-2420.64001419732,117097.867437805,1558060.00871482
1758.19143846619,452.4802252061361,-3138.03503336047,-2420.64001419732,554708.773269653,-9587873.27627442
1118.87371045187,1658.923852829384,-3138.03503336047,-2420.64001419732,179205.901058328,2171108.61265943
815.5188116571696,1341.929503486698,-3138.03503336047,-2420.64001419732,377161.498072299,2782221.04404835
1758.19143846619,769.4745745488223,-3138.03503336047,-2420.64001419732,119435.813288271,-3411684.7926005
479.5559824375506,1341.929503486698,-3138.03503336047,-2420.64001419732,189029.487361864,2858145.44642257
1118.87371045187,1055.70203901776,-3138.03503336047,-2420.64001419732,179205.901058328,-103939.51825041
815.5188116571696,769.4745745488223,-3138.03503336047,-2420.64001419732,377161.498072299,-101466.707399572
1758.19143846619,1658.923852829384,-3138.03503336047,-2420.64001419732,224761.205259659,-350923.69412663
1422.22860924657,1341.929503486698,-3138.03503336047,-2420.64001419732,498734.47492305,-440262.238930859
479.5559824375506,1658.923852829384,-3138.03503336047,-2420.64001419732,288591.491493786,4736717.00548286
1118.87371045187,452.4802252061361,-3138.03503336047,-2420.64001419732,179205.901058328,-2378987.64916026
479.5559824375506,1658.923852829384,-3138.03503336047,-2420.64001419732,21552.5129808873,1307453.16067011
1758.19143846619,1055.70203901776,-3138.03503336047,-2420.64001419732,224761.205259659,-3204303.83901704
1422.22860924657,769.4745745488223,-3138.03503336047,-2420.64001419732,498734.47492305,-4253468.26317019
479.5559824375506,1055.70203901776,-3138.03503336047,-2420.64001419732,21552.5129808873,669075.098080215
479.5559824375506,1658.923852829384,-3138.03503336047,-2420.64001419732,189029.487361864,3835484.41907876
1758.19143846619,452.4802252061361,-3138.03503336047,-2420.64001419732,224761.205259659,-6057683.98390746
1118.87371045187,1658.923852829384,-3138.03503336047,-2420.64001419732,32947.6625008637,947390.016656134
815.5188116571696,1341.929503486698,-3138.03503336047,-2420.64001419732,152913.846780798,1807959.00763166
1422.22860924657,1341.929503486698,-3138.03503336047,-2420.64001419732,107403.393587765,-170274.441737524
479.5559824375506,452.4802252061361,-3138.03503336047,-2420.64001419732,21552.5129808873,31827.4930388169
1758.19143846619,1341.929503486698,-3138.03503336047,-2420.64001419732,363070.187776027,-2197243.51431206
1118.87371045187,1055.70203901776,-3138.03503336047,-2420.64001419732,32947.6625008637,-28508.4770749873
815.5188116571696,769.4745745488223,-3138.03503336047,-2420.64001419732,152913.846780798,-32663.1957652035
1422.22860924657,769.4745745488223,-3138.03503336047,-2420.64001419732,107403.393587765,-1943985.74172663
1118.87371045187,452.4802252061361,-3138.03503336047,-2420.64001419732,289440.933822436,-3118059.84806574
479.5559824375506,452.4802252061361,-3138.03503336047,-2420.64001419732,288591.491493786,-3116.2688877736
1758.19143846619,452.4802252061361,-3138.03503336047,-2420.64001419732,363070.187776027,-7883802.92757803
1118.87371045187,452.4802252061361,-3138.03503336047,-2420.64001419732,32947.6625008637,-1002678.82273295
815.5188116571696,1658.923852829384,-3138.03503336047,-2420.64001419732,246939.917189407,3695556.72575594
1422.22860924657,1658.923852829384,-3138.03503336047,-2420.64001419732,202106.074651299,1221526.4424499
1118.87371045187,1055.70203901776,-3138.03503336047,-2420.64001419732,95241.6784137746,-133383.022535136
815.5188116571696,1055.70203901776,-3138.03503336047,-2420.64001419732,246939.917189407,1233650.55227111
1758.19143846619,1055.70203901776,-3138.03503336047,-2420.64001419732,41310.8473981167,-1416582.43227544
1422.22860924657,1055.70203901776,-3138.03503336047,-2420.64001419732,202106.074651299,-1339699.58997859
479.5559824375506,1055.70203901776,-3138.03503336047,-2420.64001419732,62265.8904884188,1081144.98164878
815.5188116571696,1658.923852829384,-3138.03503336047,-2420.64001419732,377161.498072299,4409834.91231531
1758.19143846619,452.4802252061361,-3138.03503336047,-2420.64001419732,41310.8473981167,-2638028.79400722
1758.19143846619,1055.70203901776,-3138.03503336047,-2420.64001419732,119435.813288271,-2408339.16824652
479.5559824375506,1658.923852829384,-3138.03503336047,-2420.64001419732,117097.867437805,3096249.28701769
1422.22860924657,1658.923852829384,-3138.03503336047,-2420.64001419732,37151.4401376733,543968.027071758
479.5559824375506,452.4802252061361,-3138.03503336047,-2420.64001419732,117097.867437805,46993.3458599552
479.5559824375506,1658.923852829384,-3138.03503336047,-2420.64001419732,62265.8904884188,2258833.51775765
1422.22860924657,769.4745745488223,-3138.03503336047,-2420.64001419732,37151.4401376733,-1181729.75927499
479.5559824375506,769.4745745488223,-3138.03503336047,-2420.64001419732,189029.487361864,1037018.94277193
479.5559824375506,452.4802252061361,-3138.03503336047,-2420.64001419732,62265.8904884188,34283.461989034
1422.22860924657,1658.923852829384,-3138.03503336047,-2420.64001419732,107403.393587765,828975.682496851
1118.87371045187,1341.929503486698,-3138.03503336047,-2420.64001419732,289440.933822436,1161816.41727712
479.5559824375506,1055.70203901776,-3138.03503336047,-2420.64001419732,288591.491493786,2366800.36829754
479.5559824375506,769.4745745488223,-3138.03503336047,-2420.64001419732,117097.867437805,816571.954484849
1422.22860924657,1055.70203901776,-3138.03503336047,-2420.64001419732,107403.393587765,-1041720.98520038
1118.87371045187,769.4745745488223,-3138.03503336047,-2420.64001419732,289440.933822436,-1573940.97702937
479.5559824375506,1055.70203901776,-3138.03503336047,-2420.64001419732,189029.487361864,1916480.53391564
1422.22860924657,452.4802252061361,-3138.03503336047,-2420.64001419732,107403.393587765,-2912417.65289761
1758.19143846619,1341.929503486698,-3138.03503336047,-2420.64001419732,41310.8473981167,-826415.646923883
1422.22860924657,1341.929503486698,-3138.03503336047,-2420.64001419732,202106.074651299,-102190.861413592
479.5559824375506,452.4802252061361,-3138.03503336047,-2420.64001419732,62265.8904884188,-21236.5481376783
1422.22860924657,1055.70203901776,-3138.03503336047,-2420.64001419732,37151.4401376733,-650984.268001667
479.5559824375506,1055.70203901776,-3138.03503336047,-2420.64001419732,117097.867437805,1585182.62416283
479.5559824375506,1341.929503486698,-3138.03503336047,-2420.64001419732,189029.487361864,2889247.10710418
479.5559824375506,1055.70203901776,-3138.03503336047,-2420.64001419732,62265.8904884188,1156451.9879712
479.5559824375506,1341.929503486698,-3138.03503336047,-2420.64001419732,117097.867437805,2275057.91835533
479.5559824375506,1658.923852829384,-3138.03503336047,-2420.64001419732,189029.487361864,3866586.07976037
479.5559824375506,452.4802252061361,-3138.03503336047,-2420.64001419732,189029.487361864,-2523.3512474738
479.5559824375506,1341.929503486698,-3138.03503336047,-2420.64001419732,62265.8904884188,1604222.66704346
815.5188116571696,1658.923852829384,-3138.03503336047,-2420.64001419732,28122.3651963856,1220715.56164357
479.5559824375506,452.4802252061361,-3138.03503336047,-2420.64001419732,62265.8904884188,54070.4581847462
1422.22860924657,1341.929503486698,-3138.03503336047,-2420.64001419732,326454.87535416,-189344.00192416
815.5188116571696,1055.70203901776,-3138.03503336047,-2420.64001419732,28122.3651963856,387740.723608
1422.22860924657,769.4745745488223,-3138.03503336047,-2420.64001419732,326454.87535416,-3274952.27219542
815.5188116571696,452.4802252061361,-3138.03503336047,-2420.64001419732,28122.3651963856,-445234.114427571
815.5188116571696,1341.929503486698,-3138.03503336047,-2420.64001419732,81280.1676916107,1390953.96774237
815.5188116571696,452.4802252061361,-3138.03503336047,-2420.64001419732,81280.1676916107,-829179.119629902
1118.87371045187,452.4802252061361,-3138.03503336047,-2420.64001419732,289440.933822436,-2970072.74909042
1118.87371045187,1055.70203901776,-3138.03503336047,-2420.64001419732,442146.396629519,-287215.204553929
1118.87371045187,452.4802252061361,-3138.03503336047,-2420.64001419732,442146.396629519,-3852954.10367471
1758.19143846619,452.4802252061361,-3138.03503336047,-2420.64001419732,363070.187776027,-7817644.55257367
1422.22860924657,1658.923852829384,-3138.03503336047,-2420.64001419732,326454.87535416,1552238.04356987
815.5188116571696,1341.929503486698,-3138.03503336047,-2420.64001419732,28122.3651963856,789496.846025115
1758.19143846619,1341.929503486698,-3138.03503336047,-2420.64001419732,554708.773269653,-2871130.28684865
1118.87371045187,1055.70203901776,-3138.03503336047,-2420.64001419732,95241.6784137746,-103116.905505988
1422.22860924657,1055.70203901776,-3138.03503336047,-2420.64001419732,326454.87535416,-1702404.95682517
815.5188116571696,769.4745745488223,-3138.03503336047,-2420.64001419732,28122.3651963856,-292.812738211751
1758.19143846619,769.4745745488223,-3138.03503336047,-2420.64001419732,554708.773269653,-7120238.44821452
1118.87371045187,452.4802252061361,-3138.03503336047,-2420.64001419732,95241.6784137746,-1761987.11884747
815.5188116571696,1658.923852829384,-3138.03503336047,-2420.64001419732,377161.498072299,4465428.51786665
1758.19143846619,1055.70203901776,-3138.03503336047,-2420.64001419732,119435.813288271,-2370384.58404915
1422.22860924657,1658.923852829384,-3138.03503336047,-2420.64001419732,498734.47492305,1711991.24430247
815.5188116571696,1658.923852829384,-3138.03503336047,-2420.64001419732,81280.1676916107,2147161.15031396
1118.87371045187,1341.929503486698,-3138.03503336047,-2420.64001419732,179205.901058328,1030829.52400262
815.5188116571696,1055.70203901776,-3138.03503336047,-2420.64001419732,377161.498072299,1418371.76418577
1758.19143846619,452.4802252061361,-3138.03503336047,-2420.64001419732,119435.813288271,-4450655.70452817
1422.22860924657,1658.923852829384,-3138.03503336047,-2420.64001419732,498734.47492305,1785504.70687867
815.5188116571696,769.4745745488223,-3138.03503336047,-2420.64001419732,81280.1676916107,-72971.9370583136
1118.87371045187,769.4745745488223,-3138.03503336047,-2420.64001419732,179205.901058328,-1122241.11412514
815.5188116571696,452.4802252061361,-3138.03503336047,-2420.64001419732,377161.498072299,-1628684.98949511
1758.19143846619,1341.929503486698,-3138.03503336047,-2420.64001419732,224761.205259659,-1781069.13456875
1422.22860924657,1055.70203901776,-3138.03503336047,-2420.64001419732,498734.47492305,-2243730.13780971
479.5559824375506,1341.929503486698,-3138.03503336047,-2420.64001419732,21552.5129808873,988621.527949605
1118.87371045187,769.4745745488223,-3138.03503336047,-2420.64001419732,289440.933822436,-1425953.87805405
1758.19143846619,769.4745745488223,-3138.03503336047,-2420.64001419732,224761.205259659,-4481464.31562513
1422.22860924657,452.4802252061361,-3138.03503336047,-2420.64001419732,498734.47492305,-6272964.9824981
815.5188116571696,1658.923852829384,-3138.03503336047,-2420.64001419732,152913.846780798,2876885.30508379
479.5559824375506,452.4802252061361,-3138.03503336047,-2420.64001419732,21552.5129808873,-12500.4690308161
1118.87371045187,1341.929503486698,-3138.03503336047,-2420.64001419732,442146.396629519,1435644.45545888
1758.19143846619,1341.929503486698,-3138.03503336047,-2420.64001419732,363070.187776027,-2449034.59545729
1118.87371045187,1341.929503486698,-3138.03503336047,-2420.64001419732,32947.6625008637,459987.130561565
815.5188116571696,1055.70203901776,-3138.03503336047,-2420.64001419732,152913.846780798,935619.089772882
1758.19143846619,769.4745745488223,-3138.03503336047,-2420.64001419732,363070.187776027,-5880725.95211198
1118.87371045187,452.4802252061361,-3138.03503336047,-2420.64001419732,32947.6625008637,-1070443.66922286
815.5188116571696,452.4802252061361,-3138.03503336047,-2420.64001419732,152913.846780798,-1002209.47757462
479.5559824375506,1341.929503486698,-3138.03503336047,-2420.64001419732,288591.491493786,3448782.37311592
1758.19143846619,1658.923852829384,-3138.03503336047,-2420.64001419732,554708.773269653,-477323.663326428
1118.87371045187,1341.929503486698,-3138.03503336047,-2420.64001419732,95241.6784137746,696980.80942267
815.5188116571696,1055.70203901776,-3138.03503336047,-2420.64001419732,246939.917189407,1062396.42339895
1758.19143846619,1341.929503486698,-3138.03503336047,-2420.64001419732,41310.8473981167,-804090.802521899
1758.19143846619,1055.70203901776,-3138.03503336047,-2420.64001419732,554708.773269653,-4958770.26526275
1118.87371045187,769.4745745488223,-3138.03503336047,-2420.64001419732,95241.6784137746,-875886.076709695
815.5188116571696,452.4802252061361,-3138.03503336047,-2420.64001419732,246939.917189407,-1399509.75008589
1758.19143846619,769.4745745488223,-3138.03503336047,-2420.64001419732,41310.8473981167,-1964266.33690324
1422.22860924657,452.4802252061361,-3138.03503336047,-2420.64001419732,202106.074651299,-4079088.59943368
1758.19143846619,1341.929503486698,-3138.03503336047,-2420.64001419732,119435.813288271,-1367038.95969517
1758.19143846619,452.4802252061361,-3138.03503336047,-2420.64001419732,554708.773269653,-9432280.9974751
1118.87371045187,1658.923852829384,-3138.03503336047,-2420.64001419732,179205.901058328,2246067.76476416
815.5188116571696,1341.929503486698,-3138.03503336047,-2420.64001419732,377161.498072299,2888012.44268539
1422.22860924657,1341.929503486698,-3138.03503336047,-2420.64001419732,326454.87535416,-243056.726339923
815.5188116571696,1055.70203901776,-3138.03503336047,-2420.64001419732,28122.3651963856,374018.137537096
1758.19143846619,769.4745745488223,-3138.03503336047,-2420.64001419732,119435.813288271,-3339459.42590398
1118.87371045187,1055.70203901776,-3138.03503336047,-2420.64001419732,179205.901058328,-24951.6479244616
815.5188116571696,769.4745745488223,-3138.03503336047,-2420.64001419732,377161.498072299,-1071.12122814664
479.5559824375506,769.4745745488223,-3138.03503336047,-2420.64001419732,288591.491493786,1280689.66642171
1422.22860924657,769.4745745488223,-3138.03503336047,-2420.64001419732,326454.87535416,-3334438.63266467
815.5188116571696,452.4802252061361,-3138.03503336047,-2420.64001419732,28122.3651963856,-458956.700498475
1758.19143846619,1658.923852829384,-3138.03503336047,-2420.64001419732,224761.205259659,-256909.438609361
1422.22860924657,1341.929503486698,-3138.03503336047,-2420.64001419732,498734.47492305,-300370.394401946
1422.22860924657,1055.70203901776,-3138.03503336047,-2420.64001419732,37151.4401376733,-630907.213847096
1118.87371045187,1658.923852829384,-3138.03503336047,-2420.64001419732,289440.933822436,2705935.28831349
479.5559824375506,1658.923852829384,-3138.03503336047,-2420.64001419732,21552.5129808873,1329617.14170493
815.5188116571696,1341.929503486698,-3138.03503336047,-2420.64001419732,81280.1676916107,1365124.57132187
1758.19143846619,1055.70203901776,-3138.03503336047,-2420.64001419732,224761.205259659,-3105236.73893547
1422.22860924657,769.4745745488223,-3138.03503336047,-2420.64001419732,498734.47492305,-4120711.49926477
1422.22860924657,452.4802252061361,-3138.03503336047,-2420.64001419732,37151.4401376733,-1731320.1633043
1118.87371045187,1658.923852829384,-3138.03503336047,-2420.64001419732,289440.933822436,2758676.99635273
479.5559824375506,769.4745745488223,-3138.03503336047,-2420.64001419732,21552.5129808873,328495.144724506
815.5188116571696,769.4745745488223,-3138.03503336047,-2420.64001419732,81280.1676916107,25331.7417974212
1758.19143846619,1658.923852829384,-3138.03503336047,-2420.64001419732,363070.187776027,-512115.994995587
1118.87371045187,1658.923852829384,-3138.03503336047,-2420.64001419732,32947.6625008637,981272.439901085
815.5188116571696,1341.929503486698,-3138.03503336047,-2420.64001419732,152913.846780798,1871920.58608453
1422.22860924657,1341.929503486698,-3138.03503336047,-2420.64001419732,107403.393587765,-108638.015610732
1118.87371045187,1055.70203901776,-3138.03503336047,-2420.64001419732,289440.933822436,-132068.730388464
1118.87371045187,769.4745745488223,-3138.03503336047,-2420.64001419732,32947.6625008637,-549158.359883336
815.5188116571696,769.4745745488223,-3138.03503336047,-2420.64001419732,152913.846780798,34736.0306510739
1422.22860924657,769.4745745488223,-3138.03503336047,-2420.64001419732,107403.393587765,-1879036.63414527
1118.87371045187,452.4802252061361,-3138.03503336047,-2420.64001419732,289440.933822436,-3022814.45712967
815.5188116571696,1341.929503486698,-3138.03503336047,-2420.64001419732,246939.917189407,2251916.7312598
1758.19143846619,1658.923852829384,-3138.03503336047,-2420.64001419732,41310.8473981167,-150486.381739687
1422.22860924657,1341.929503486698,-3138.03503336047,-2420.64001419732,202106.074651299,-280353.838440188
1118.87371045187,1341.929503486698,-3138.03503336047,-2420.64001419732,442146.396629519,1683682.95324214
479.5559824375506,1658.923852829384,-3138.03503336047,-2420.64001419732,117097.867437805,3044636.52698022
1758.19143846619,1055.70203901776,-3138.03503336047,-2420.64001419732,41310.8473981167,-1374099.55155169
1422.22860924657,769.4745745488223,-3138.03503336047,-2420.64001419732,202106.074651299,-2708558.78341762
1118.87371045187,452.4802252061361,-3138.03503336047,-2420.64001419732,442146.396629519,-3918126.48340009
479.5559824375506,769.4745745488223,-3138.03503336047,-2420.64001419732,288591.491493786,1199741.59066127
479.5559824375506,452.4802252061361,-3138.03503336047,-2420.64001419732,117097.867437805,-1986.94331898489
1758.19143846619,452.4802252061361,-3138.03503336047,-2420.64001419732,41310.8473981167,-2597712.72136369
1422.22860924657,1658.923852829384,-3138.03503336047,-2420.64001419732,326454.87535416,1498525.3191541
815.5188116571696,1341.929503486698,-3138.03503336047,-2420.64001419732,28122.3651963856,775774.259954211
1758.19143846619,1341.929503486698,-3138.03503336047,-2420.64001419732,554708.773269653,-2944958.49138634
479.5559824375506,769.4745745488223,-3138.03503336047,-2420.64001419732,189029.487361864,971472.471877807
1422.22860924657,1055.70203901776,-3138.03503336047,-2420.64001419732,326454.87535416,-1761891.31729442
815.5188116571696,769.4745745488223,-3138.03503336047,-2420.64001419732,28122.3651963856,-14015.3988091154
1758.19143846619,769.4745745488223,-3138.03503336047,-2420.64001419732,554708.773269653,-7194066.65275219
1422.22860924657,1341.929503486698,-3138.03503336047,-2420.64001419732,37151.4401376733,-100161.722573771
479.5559824375506,1341.929503486698,-3138.03503336047,-2420.64001419732,288591.491493786,3610678.52463681
1422.22860924657,452.4802252061361,-3138.03503336047,-2420.64001419732,326454.87535416,-5016534.31768945
815.5188116571696,1658.923852829384,-3138.03503336047,-2420.64001419732,81280.1676916107,2121331.75389346
1422.22860924657,769.4745745488223,-3138.03503336047,-2420.64001419732,37151.4401376733,-1143524.29268473
1758.19143846619,452.4802252061361,-3138.03503336047,-2420.64001419732,119435.813288271,-4484926.48702733
815.5188116571696,1055.70203901776,-3138.03503336047,-2420.64001419732,81280.1676916107,708142.854769895
479.5559824375506,769.4745745488223,-3138.03503336047,-2420.64001419732,288591.491493786,1319099.35577321
1422.22860924657,1658.923852829384,-3138.03503336047,-2420.64001419732,107403.393587765,890612.108623643
1118.87371045187,1341.929503486698,-3138.03503336047,-2420.64001419732,289440.933822436,1262180.82078441
1758.19143846619,1341.929503486698,-3138.03503336047,-2420.64001419732,224761.205259659,-1828076.26232738
1422.22860924657,1055.70203901776,-3138.03503336047,-2420.64001419732,498734.47492305,-2310108.51976242
815.5188116571696,1658.923852829384,-3138.03503336047,-2420.64001419732,152913.846780798,2809486.07866751
1422.22860924657,1055.70203901776,-3138.03503336047,-2420.64001419732,107403.393587765,-976771.877619014
1118.87371045187,769.4745745488223,-3138.03503336047,-2420.64001419732,289440.933822436,-1478695.58609331
1758.19143846619,769.4745745488223,-3138.03503336047,-2420.64001419732,224761.205259659,-4533524.28794808
1422.22860924657,452.4802252061361,-3138.03503336047,-2420.64001419732,498734.47492305,-6339343.36445081
1422.22860924657,1658.923852829384,-3138.03503336047,-2420.64001419732,202106.074651299,1090175.97757587
1118.87371045187,1658.923852829384,-3138.03503336047,-2420.64001419732,442146.396629519,3591734.57207549
1758.19143846619,1658.923852829384,-3138.03503336047,-2420.64001419732,363070.187776027,-260324.913850358
1118.87371045187,1341.929503486698,-3138.03503336047,-2420.64001419732,32947.6625008637,442181.844902512
1118.87371045187,769.4745745488223,-3138.03503336047,-2420.64001419732,442146.396629519,-2010074.86456674
1758.19143846619,769.4745745488223,-3138.03503336047,-2420.64001419732,363070.187776027,-5946884.32711634
1118.87371045187,769.4745745488223,-3138.03503336047,-2420.64001419732,32947.6625008637,-481393.513393433
479.5559824375506,769.4745745488223,-3138.03503336047,-2420.64001419732,62265.8904884188,613587.306380807
1758.19143846619,1658.923852829384,-3138.03503336047,-2420.64001419732,554708.773269653,-551151.867864113
479.5559824375506,1055.70203901776,-3138.03503336047,-2420.64001419732,117097.867437805,1533569.86412535
1758.19143846619,1055.70203901776,-3138.03503336047,-2420.64001419732,554708.773269653,-5032598.46980042
1758.19143846619,1341.929503486698,-3138.03503336047,-2420.64001419732,119435.813288271,-1404993.54389253
479.5559824375506,1341.929503486698,-3138.03503336047,-2420.64001419732,189029.487361864,2827043.78574097
479.5559824375506,1055.70203901776,-3138.03503336047,-2420.64001419732,62265.8904884188,1118798.48480999
1758.19143846619,769.4745745488223,-3138.03503336047,-2420.64001419732,119435.813288271,-3373730.20840314
479.5559824375506,1658.923852829384,-3138.03503336047,-2420.64001419732,288591.491493786,4694178.61907392
479.5559824375506,1341.929503486698,-3138.03503336047,-2420.64001419732,117097.867437805,2226077.62917639
1758.19143846619,1658.923852829384,-3138.03503336047,-2420.64001419732,224761.205259659,-303916.566367991
1422.22860924657,1341.929503486698,-3138.03503336047,-2420.64001419732,498734.47492305,-366748.776354656
1758.19143846619,1055.70203901776,-3138.03503336047,-2420.64001419732,224761.205259659,-3157296.71125841
1422.22860924657,769.4745745488223,-3138.03503336047,-2420.64001419732,498734.47492305,-4187089.88121748
479.5559824375506,769.4745745488223,-3138.03503336047,-2420.64001419732,288591.491493786,1361637.74218216
1758.19143846619,452.4802252061361,-3138.03503336047,-2420.64001419732,224761.205259659,-6005624.01158452
1118.87371045187,1658.923852829384,-3138.03503336047,-2420.64001419732,32947.6625008637,963467.154242033
1758.19143846619,1055.70203901776,-3138.03503336047,-2420.64001419732,363070.187776027,-4197959.46128681
1118.87371045187,1055.70203901776,-3138.03503336047,-2420.64001419732,32947.6625008637,-10703.1914159342
479.5559824375506,1341.929503486698,-3138.03503336047,-2420.64001419732,62265.8904884188,1679529.67336588
479.5559824375506,1658.923852829384,-3138.03503336047,-2420.64001419732,117097.867437805,3069126.67156969
479.5559824375506,452.4802252061361,-3138.03503336047,-2420.64001419732,117097.867437805,22503.2012704852
479.5559824375506,1658.923852829384,-3138.03503336047,-2420.64001419732,62265.8904884188,2239046.52156194
479.5559824375506,769.4745745488223,-3138.03503336047,-2420.64001419732,189029.487361864,1005917.28209033
479.5559824375506,452.4802252061361,-3138.03503336047,-2420.64001419732,62265.8904884188,16416.9550235339
479.5559824375506,769.4745745488223,-3138.03503336047,-2420.64001419732,117097.867437805,792081.809895379
479.5559824375506,769.4745745488223,-3138.03503336047,-2420.64001419732,62265.8904884188,633374.302576519
479.5559824375506,769.4745745488223,-3138.03503336047,-2420.64001419732,21552.5129808873,340142.364016164
479.5559824375506,1055.70203901776,-3138.03503336047,-2420.64001419732,62265.8904884188,1136664.99177549
1118.87371045187,1658.923852829384,-3138.03503336047,-2420.64001419732,95241.6784137746,1610410.3952854
815.5188116571696,1341.929503486698,-3138.03503336047,-2420.64001419732,246939.917189407,2296913.93619429
479.5559824375506,1341.929503486698,-3138.03503336047,-2420.64001419732,117097.867437805,2250567.77376586
1118.87371045187,1055.70203901776,-3138.03503336047,-2420.64001419732,95241.6784137746,-48459.8180560928
815.5188116571696,769.4745745488223,-3138.03503336047,-2420.64001419732,246939.917189407,-41496.8200258129
479.5559824375506,452.4802252061361,-3138.03503336047,-2420.64001419732,288591.491493786,116241.496224166
1118.87371045187,452.4802252061361,-3138.03503336047,-2420.64001419732,95241.6784137746,-1704392.45809338
815.5188116571696,1658.923852829384,-3138.03503336047,-2420.64001419732,377161.498072299,4565824.10403807
1118.87371045187,1055.70203901776,-3138.03503336047,-2420.64001419732,179205.901058328,-182927.38857636
815.5188116571696,1055.70203901776,-3138.03503336047,-2420.64001419732,377161.498072299,1524163.16282281
1118.87371045187,452.4802252061361,-3138.03503336047,-2420.64001419732,179205.901058328,-2453946.80126498
479.5559824375506,1658.923852829384,-3138.03503336047,-2420.64001419732,21552.5129808873,1285289.17963529
479.5559824375506,1055.70203901776,-3138.03503336047,-2420.64001419732,21552.5129808873,648041.574593896
815.5188116571696,1658.923852829384,-3138.03503336047,-2420.64001419732,152913.846780798,2944284.53150007
479.5559824375506,452.4802252061361,-3138.03503336047,-2420.64001419732,21552.5129808873,9663.5120040004
815.5188116571696,769.4745745488223,-3138.03503336047,-2420.64001419732,152913.846780798,-100062.422181481
1118.87371045187,452.4802252061361,-3138.03503336047,-2420.64001419732,32947.6625008637,-1036561.2459779
815.5188116571696,1658.923852829384,-3138.03503336047,-2420.64001419732,246939.917189407,3614297.00675278
1422.22860924657,1658.923852829384,-3138.03503336047,-2420.64001419732,202106.074651299,1136988.48972844
1118.87371045187,1341.929503486698,-3138.03503336047,-2420.64001419732,95241.6784137746,751637.896872565
815.5188116571696,1055.70203901776,-3138.03503336047,-2420.64001419732,246939.917189407,1148023.48783503
1758.19143846619,1341.929503486698,-3138.03503336047,-2420.64001419732,41310.8473981167,-763774.72987837
1422.22860924657,1055.70203901776,-3138.03503336047,-2420.64001419732,202106.074651299,-1428781.07849189
1118.87371045187,769.4745745488223,-3138.03503336047,-2420.64001419732,442146.396629519,-1944902.48484135
1118.87371045187,769.4745745488223,-3138.03503336047,-2420.64001419732,95241.6784137746,-818291.415955598
815.5188116571696,452.4802252061361,-3138.03503336047,-2420.64001419732,246939.917189407,-1318250.03108272
1758.19143846619,769.4745745488223,-3138.03503336047,-2420.64001419732,41310.8473981167,-1921783.45617949
1422.22860924657,452.4802252061361,-3138.03503336047,-2420.64001419732,202106.074651299,-3994550.64671222
815.5188116571696,1658.923852829384,-3138.03503336047,-2420.64001419732,28122.3651963856,1234438.14771447
1118.87371045187,1341.929503486698,-3138.03503336047,-2420.64001419732,179205.901058328,914362.077624316
815.5188116571696,1341.929503486698,-3138.03503336047,-2420.64001419732,377161.498072299,2993803.84132244
1422.22860924657,1341.929503486698,-3138.03503336047,-2420.64001419732,326454.87535416,-129857.641454912
815.5188116571696,1055.70203901776,-3138.03503336047,-2420.64001419732,28122.3651963856,401463.309678903
1422.22860924657,1658.923852829384,-3138.03503336047,-2420.64001419732,37151.4401376733,505762.560481495
815.5188116571696,452.4802252061361,-3138.03503336047,-2420.64001419732,377161.498072299,-1784674.18121787
1422.22860924657,452.4802252061361,-3138.03503336047,-2420.64001419732,326454.87535416,-5242932.48745948
815.5188116571696,452.4802252061361,-3138.03503336047,-2420.64001419732,28122.3651963856,-430036.473450259
1422.22860924657,1055.70203901776,-3138.03503336047,-2420.64001419732,37151.4401376733,-594650.38897571
815.5188116571696,1055.70203901776,-3138.03503336047,-2420.64001419732,81280.1676916107,609839.17591416
1422.22860924657,452.4802252061361,-3138.03503336047,-2420.64001419732,37151.4401376733,-1693114.69671404
1118.87371045187,1658.923852829384,-3138.03503336047,-2420.64001419732,289440.933822436,2853922.3872888
815.5188116571696,452.4802252061361,-3138.03503336047,-2420.64001419732,81280.1676916107,-803349.723209403
815.5188116571696,1055.70203901776,-3138.03503336047,-2420.64001419732,152913.846780798,836239.074130168
1422.22860924657,1055.70203901776,-3138.03503336047,-2420.64001419732,107403.393587765,-1106670.09278175
1118.87371045187,1055.70203901776,-3138.03503336047,-2420.64001419732,289440.933822436,-31704.3268811822
479.5559824375506,769.4745745488223,-3138.03503336047,-2420.64001419732,189029.487361864,1102565.41366606
1422.22860924657,452.4802252061361,-3138.03503336047,-2420.64001419732,107403.393587765,-2974054.0790244
1118.87371045187,1658.923852829384,-3138.03503336047,-2420.64001419732,442146.396629519,3343696.07429224
479.5559824375506,1055.70203901776,-3138.03503336047,-2420.64001419732,288591.491493786,2443619.74700054
1758.19143846619,1658.923852829384,-3138.03503336047,-2420.64001419732,41310.8473981167,-110170.30909616
1422.22860924657,1341.929503486698,-3138.03503336047,-2420.64001419732,202106.074651299,-191272.349926889
1118.87371045187,1055.70203901776,-3138.03503336047,-2420.64001419732,442146.396629519,-222042.824828542
1758.19143846619,1055.70203901776,-3138.03503336047,-2420.64001419732,363070.187776027,-4131801.08628245
1758.19143846619,1055.70203901776,-3138.03503336047,-2420.64001419732,41310.8473981167,-1331616.67082794
1422.22860924657,769.4745745488223,-3138.03503336047,-2420.64001419732,202106.074651299,-2624020.83069616
1118.87371045187,452.4802252061361,-3138.03503336047,-2420.64001419732,442146.396629519,-3794107.23450847
1758.19143846619,452.4802252061361,-3138.03503336047,-2420.64001419732,363070.187776027,-7757907.38700542
1118.87371045187,1658.923852829384,-3138.03503336047,-2420.64001419732,95241.6784137746,1583081.85156045
479.5559824375506,1341.929503486698,-3138.03503336047,-2420.64001419732,288591.491493786,3529730.44887637
1758.19143846619,1658.923852829384,-3138.03503336047,-2420.64001419732,119435.813288271,-293797.265268338
1422.22860924657,1658.923852829384,-3138.03503336047,-2420.64001419732,326454.87535416,1611724.40403912
815.5188116571696,1341.929503486698,-3138.03503336047,-2420.64001419732,28122.3651963856,803219.432096019
1758.19143846619,1341.929503486698,-3138.03503336047,-2420.64001419732,554708.773269653,-2797302.08231098
1118.87371045187,1055.70203901776,-3138.03503336047,-2420.64001419732,95241.6784137746,-75788.3617810377
815.5188116571696,769.4745745488223,-3138.03503336047,-2420.64001419732,246939.917189407,-82126.6795273971
1758.19143846619,1658.923852829384,-3138.03503336047,-2420.64001419732,119435.813288271,-255842.681070972
1422.22860924657,769.4745745488223,-3138.03503336047,-2420.64001419732,326454.87535416,-3501350.44196545
815.5188116571696,769.4745745488223,-3138.03503336047,-2420.64001419732,28122.3651963856,14904.8282391001
1758.19143846619,769.4745745488223,-3138.03503336047,-2420.64001419732,554708.773269653,-7038474.37395287
1118.87371045187,452.4802252061361,-3138.03503336047,-2420.64001419732,95241.6784137746,-1734658.57512253
815.5188116571696,1658.923852829384,-3138.03503336047,-2420.64001419732,377161.498072299,4515626.31095236
1422.22860924657,1341.929503486698,-3138.03503336047,-2420.64001419732,37151.4401376733,-63904.8977023848
1758.19143846619,1055.70203901776,-3138.03503336047,-2420.64001419732,119435.813288271,-2336113.80154999
815.5188116571696,1341.929503486698,-3138.03503336047,-2420.64001419732,81280.1676916107,1292650.28888663
1118.87371045187,1341.929503486698,-3138.03503336047,-2420.64001419732,179205.901058328,1072337.81827621
815.5188116571696,1055.70203901776,-3138.03503336047,-2420.64001419732,377161.498072299,1468569.55727148
1422.22860924657,769.4745745488223,-3138.03503336047,-2420.64001419732,37151.4401376733,-1105318.82609447
1758.19143846619,452.4802252061361,-3138.03503336047,-2420.64001419732,119435.813288271,-4416384.92202902
1422.22860924657,1658.923852829384,-3138.03503336047,-2420.64001419732,498734.47492305,1851883.08883138
1118.87371045187,452.4802252061361,-3138.03503336047,-2420.64001419732,179205.901058328,-2495455.09553857
815.5188116571696,452.4802252061361,-3138.03503336047,-2420.64001419732,377161.498072299,-1573091.38394378
1422.22860924657,1341.929503486698,-3138.03503336047,-2420.64001419732,107403.393587765,-204405.336255494
1118.87371045187,1341.929503486698,-3138.03503336047,-2420.64001419732,289440.933822436,1362545.22429169
1758.19143846619,1341.929503486698,-3138.03503336047,-2420.64001419732,224761.205259659,-1729009.16224581
1422.22860924657,1055.70203901776,-3138.03503336047,-2420.64001419732,498734.47492305,-2177351.75585701
479.5559824375506,1055.70203901776,-3138.03503336047,-2420.64001419732,21552.5129808873,636394.355302239
1118.87371045187,452.4802252061361,-3138.03503336047,-2420.64001419732,289440.933822436,-3170801.55610498
1758.19143846619,452.4802252061361,-3138.03503336047,-2420.64001419732,224761.205259659,-6203758.21174767
1422.22860924657,452.4802252061361,-3138.03503336047,-2420.64001419732,498734.47492305,-6199451.5199219
815.5188116571696,1658.923852829384,-3138.03503336047,-2420.64001419732,152913.846780798,2908866.09431022
479.5559824375506,1055.70203901776,-3138.03503336047,-2420.64001419732,189029.487361864,1882035.72370313
479.5559824375506,452.4802252061361,-3138.03503336047,-2420.64001419732,21552.5129808873,-853.249739158776
1758.19143846619,1341.929503486698,-3138.03503336047,-2420.64001419732,363070.187776027,-2382876.22045293
1118.87371045187,1055.70203901776,-3138.03503336047,-2420.64001419732,32947.6625008637,-78468.0379058367
815.5188116571696,1055.70203901776,-3138.03503336047,-2420.64001419732,152913.846780798,971037.526962722
479.5559824375506,1658.923852829384,-3138.03503336047,-2420.64001419732,288591.491493786,4856074.7705948
479.5559824375506,1055.70203901776,-3138.03503336047,-2420.64001419732,117097.867437805,1481957.10408788
1758.19143846619,769.4745745488223,-3138.03503336047,-2420.64001419732,363070.187776027,-5820988.78654372
1118.87371045187,452.4802252061361,-3138.03503336047,-2420.64001419732,32947.6625008637,-1052638.38356381
815.5188116571696,1658.923852829384,-3138.03503336047,-2420.64001419732,246939.917189407,3569299.80181828
479.5559824375506,1658.923852829384,-3138.03503336047,-2420.64001419732,189029.487361864,3932132.55065449
1758.19143846619,1658.923852829384,-3138.03503336047,-2420.64001419732,554708.773269653,-403495.458788756
1118.87371045187,1341.929503486698,-3138.03503336047,-2420.64001419732,95241.6784137746,724309.35314762
815.5188116571696,1055.70203901776,-3138.03503336047,-2420.64001419732,246939.917189407,1107393.62833345
1758.19143846619,1341.929503486698,-3138.03503336047,-2420.64001419732,41310.8473981167,-783932.766200133
1422.22860924657,1055.70203901776,-3138.03503336047,-2420.64001419732,202106.074651299,-1471050.05485262
479.5559824375506,452.4802252061361,-3138.03503336047,-2420.64001419732,189029.487361864,59679.9701157391
1758.19143846619,1055.70203901776,-3138.03503336047,-2420.64001419732,554708.773269653,-4877006.1910011
1118.87371045187,769.4745745488223,-3138.03503336047,-2420.64001419732,95241.6784137746,-848557.53298475
815.5188116571696,452.4802252061361,-3138.03503336047,-2420.64001419732,246939.917189407,-1358879.8905843
1758.19143846619,769.4745745488223,-3138.03503336047,-2420.64001419732,41310.8473981167,-1944108.30058148
1422.22860924657,452.4802252061361,-3138.03503336047,-2420.64001419732,202106.074651299,-4036819.62307294
1758.19143846619,1341.929503486698,-3138.03503336047,-2420.64001419732,119435.813288271,-1332768.17719601
1422.22860924657,1658.923852829384,-3138.03503336047,-2420.64001419732,37151.4401376733,467557.093891231
1118.87371045187,1658.923852829384,-3138.03503336047,-2420.64001419732,179205.901058328,2287576.05903775
815.5188116571696,1341.929503486698,-3138.03503336047,-2420.64001419732,377161.498072299,2938210.23577111
1758.19143846619,769.4745745488223,-3138.03503336047,-2420.64001419732,119435.813288271,-3305188.64340482
1422.22860924657,1658.923852829384,-3138.03503336047,-2420.64001419732,37151.4401376733,487634.148045802
1118.87371045187,769.4745745488223,-3138.03503336047,-2420.64001419732,179205.901058328,-1280216.85477703
815.5188116571696,769.4745745488223,-3138.03503336047,-2420.64001419732,377161.498072299,54522.4843231867
1758.19143846619,1658.923852829384,-3138.03503336047,-2420.64001419732,224761.205259659,-204849.466286419
1422.22860924657,1341.929503486698,-3138.03503336047,-2420.64001419732,498734.47492305,-233992.01244924
1422.22860924657,1055.70203901776,-3138.03503336047,-2420.64001419732,37151.4401376733,-612778.801411403
479.5559824375506,1341.929503486698,-3138.03503336047,-2420.64001419732,21552.5129808873,944293.565879972
1758.19143846619,769.4745745488223,-3138.03503336047,-2420.64001419732,224761.205259659,-4679598.51578828
1422.22860924657,769.4745745488223,-3138.03503336047,-2420.64001419732,498734.47492305,-4047198.03668857
1422.22860924657,452.4802252061361,-3138.03503336047,-2420.64001419732,37151.4401376733,-1713191.75086861
1118.87371045187,1658.923852829384,-3138.03503336047,-2420.64001419732,289440.933822436,2806299.69182077
1118.87371045187,1341.929503486698,-3138.03503336047,-2420.64001419732,32947.6625008637,392222.284071663
815.5188116571696,1341.929503486698,-3138.03503336047,-2420.64001419732,152913.846780798,1907339.02327437
1422.22860924657,1341.929503486698,-3138.03503336047,-2420.64001419732,107403.393587765,-74507.1210927621
1118.87371045187,1055.70203901776,-3138.03503336047,-2420.64001419732,289440.933822436,-84446.034920436
479.5559824375506,1341.929503486698,-3138.03503336047,-2420.64001419732,62265.8904884188,1641876.17020467
815.5188116571696,452.4802252061361,-3138.03503336047,-2420.64001419732,152913.846780798,-1137007.93040718
1422.22860924657,452.4802252061361,-3138.03503336047,-2420.64001419732,107403.393587765,-3008184.97354237
479.5559824375506,452.4802252061361,-3138.03503336047,-2420.64001419732,189029.487361864,-36968.1614599917
479.5559824375506,1658.923852829384,-3138.03503336047,-2420.64001419732,117097.867437805,3020146.38239075
1758.19143846619,1658.923852829384,-3138.03503336047,-2420.64001419732,41310.8473981167,-130328.345417922
1422.22860924657,1341.929503486698,-3138.03503336047,-2420.64001419732,202106.074651299,-233541.32628762
479.5559824375506,1055.70203901776,-3138.03503336047,-2420.64001419732,288591.491493786,2486158.13340948
479.5559824375506,452.4802252061361,-3138.03503336047,-2420.64001419732,117097.867437805,-29109.5587669857
1758.19143846619,1055.70203901776,-3138.03503336047,-2420.64001419732,41310.8473981167,-1353941.51522993
479.5559824375506,1658.923852829384,-3138.03503336047,-2420.64001419732,62265.8904884188,2203313.50763094
1422.22860924657,769.4745745488223,-3138.03503336047,-2420.64001419732,202106.074651299,-2666289.80705689
479.5559824375506,1055.70203901776,-3138.03503336047,-2420.64001419732,189029.487361864,2013128.66549138
1758.19143846619,452.4802252061361,-3138.03503336047,-2420.64001419732,41310.8473981167,-2575387.87696171
479.5559824375506,1341.929503486698,-3138.03503336047,-2420.64001419732,288591.491493786,3568140.13822786
479.5559824375506,769.4745745488223,-3138.03503336047,-2420.64001419732,288591.491493786,1242279.97707022
1422.22860924657,1341.929503486698,-3138.03503336047,-2420.64001419732,37151.4401376733,-82033.3101380772
1422.22860924657,769.4745745488223,-3138.03503336047,-2420.64001419732,37151.4401376733,-1125395.88024904
1422.22860924657,1658.923852829384,-3138.03503336047,-2420.64001419732,107403.393587765,924743.003141612
1118.87371045187,1341.929503486698,-3138.03503336047,-2420.64001419732,289440.933822436,1309803.51625244
