te_value,ti_value,te_ddrho,ti_ddrho,te_transp_flux,ti_transp_flux
479.5559824375506,452.4802252061361,-4931.089431919145,-3803.77920118674,18259.3182032473,38278.3440028124
479.5559824375506,769.4745745488223,-4931.089431919145,-3803.77920118674,17975.2355762331,64195.1186040217
479.5559824375506,1055.70203901776,-4931.089431919145,-3803.77920118674,17594.9622429502,85442.1700125075
479.5559824375506,1341.929503486698,-4931.089431919145,-3803.77920118674,17144.3647722897,104502.541437747
479.5559824375506,1658.923852829384,-4931.089431919145,-3803.77920118674,16644.8891717928,123668.654261875
815.5188116571696,452.4802252061361,-4931.089431919145,-3803.77920118674,40717.3464855894,48420.2048040108
815.5188116571696,769.4745745488223,-4931.089431919145,-3803.77920118674,28565.1915136501,58068.3704806428
815.5188116571696,1055.70203901776,-4931.089431919145,-3803.77920118674,27633.7611391621,76907.5575397267
815.5188116571696,1341.929503486698,-4931.089431919145,-3803.77920118674,26767.740665026,93993.0032178246
815.5188116571696,1658.923852829384,-4931.089431919145,-3803.77920118674,25916.4283794346,111351.602977764
1118.87371045187,452.4802252061361,-4931.089431919145,-3803.77920118674,75735.0907004757,64727.5298035446
1118.87371045187,769.4745745488223,-4931.089431919145,-3803.77920118674,38511.3635180185,56167.5061665686
1118.87371045187,1055.70203901776,-4931.089431919145,-3803.77920118674,37177.7723005951,74113.0240577422
1118.87371045187,1341.929503486698,-4931.089431919145,-3803.77920118674,35905.6075141256,90414.0248842574
1118.87371045187,1658.923852829384,-4931.089431919145,-3803.77920118674,34674.3729158299,107011.928263897
1422.22860924657,452.4802252061361,-4931.089431919145,-3803.77920118674,114793.196775616,75983.3200243296
1422.22860924657,769.4745745488223,-4931.089431919145,-3803.77920118674,45817.7486045723,51786.1025865595
1422.22860924657,1055.70203901776,-4931.089431919145,-3803.77920118674,44145.9075337297,68363.7872624634
1422.22860924657,1341.929503486698,-4931.089431919145,-3803.77920118674,42536.2763657496,83459.208690609
1422.22860924657,1658.923852829384,-4931.089431919145,-3803.77920118674,40977.1998700183,98857.3837296641
1758.19143846619,452.4802252061361,-4931.089431919145,-3803.77920118674,160763.775877647,85722.5461575018
1758.19143846619,769.4745745488223,-4931.089431919145,-3803.77920118674,53072.8293422615,48476.6946450677
1758.19143846619,1055.70203901776,-4931.089431919145,-3803.77920118674,49835.8759197346,62528.035533285
1758.19143846619,1341.929503486698,-4931.089431919145,-3803.77920118674,48033.8937275947,76473.2865814522
1758.19143846619,1658.923852829384,-4931.089431919145,-3803.77920118674,46337.7621772276,90780.3411363104
479.5559824375506,452.4802252061361,-4931.089431919145,-3076.936609305916,7679.51232031508,14969.4420026653
479.5559824375506,769.4745745488223,-4931.089431919145,-3076.936609305916,7480.49965411384,24457.1581958351
479.5559824375506,1055.70203901776,-4931.089431919145,-3076.936609305916,7379.15904448281,32166.9976275162
479.5559824375506,1341.929503486698,-4931.089431919145,-3076.936609305916,7370.47792536233,39153.8655019729
479.5559824375506,1658.923852829384,-4931.089431919145,-3076.936609305916,7457.2163870665,46298.6003503096
815.5188116571696,452.4802252061361,-4931.089431919145,-3076.936609305916,13226.2227904077,13064.1519419905
815.5188116571696,769.4745745488223,-4931.089431919145,-3076.936609305916,13064.6476618566,21411.8627692275
815.5188116571696,1055.70203901776,-4931.089431919145,-3076.936609305916,12975.1800987145,28233.8447626782
815.5188116571696,1341.929503486698,-4931.089431919145,-3076.936609305916,12849.7512335803,34424.4590368944
815.5188116571696,1658.923852829384,-4931.089431919145,-3076.936609305916,12733.0979230483,40705.3497418047
1118.87371045187,452.4802252061361,-4931.089431919145,-3076.936609305916,24309.2877727296,15421.8542838169
1118.87371045187,769.4745745488223,-4931.089431919145,-3076.936609305916,19240.5108787909,20434.1279841614
1118.87371045187,1055.70203901776,-4931.089431919145,-3076.936609305916,18924.0879491152,26959.5867155326
1118.87371045187,1341.929503486698,-4931.089431919145,-3076.936609305916,18565.4494841373,32889.1436158862
1118.87371045187,1658.923852829384,-4931.089431919145,-3076.936609305916,18193.1275437191,38909.131995153
1422.22860924657,452.4802252061361,-4931.089431919145,-3076.936609305916,39336.8925694647,18035.7363453549
1422.22860924657,769.4745745488223,-4931.089431919145,-3076.936609305916,24282.3962145827,18776.6831253665
1422.22860924657,1055.70203901776,-4931.089431919145,-3076.936609305916,23664.8274081773,24779.7217599092
1422.22860924657,1341.929503486698,-4931.089431919145,-3076.936609305916,23053.4529865683,30245.4502260421
1422.22860924657,1658.923852829384,-4931.089431919145,-3076.936609305916,22443.5135444523,35815.8403469303
1758.19143846619,452.4802252061361,-4931.089431919145,-3076.936609305916,57577.4480031764,20270.0425368325
1758.19143846619,769.4745745488223,-4931.089431919145,-3076.936609305916,28601.2433731663,17061.308861183
1758.19143846619,1055.70203901776,-4931.089431919145,-3076.936609305916,27707.0736276433,22523.6729808442
1758.19143846619,1341.929503486698,-4931.089431919145,-3076.936609305916,26841.72036243,27493.6660254432
1758.19143846619,1658.923852829384,-4931.089431919145,-3076.936609305916,25988.4792599996,32577.6326004155
479.5559824375506,452.4802252061361,-4931.089431919145,-2420.64001419792,4324.84042290315,5364.16244476398
479.5559824375506,769.4745745488223,-4931.089431919145,-2420.64001419792,4269.11821608947,8747.1958084641
479.5559824375506,1055.70203901776,-4931.089431919145,-2420.64001419792,4324.82988470869,11505.2721179511
479.5559824375506,1341.929503486698,-4931.089431919145,-2420.64001419792,4523.58234520904,14014.9824034157
479.5559824375506,1658.923852829384,-4931.089431919145,-2420.64001419792,4861.45871212675,16589.8236785144
815.5188116571696,452.4802252061361,-4931.089431919145,-2420.64001419792,8629.84487704688,4700.60612884291
815.5188116571696,769.4745745488223,-4931.089431919145,-2420.64001419792,8640.47863471245,7718.14158603792
815.5188116571696,1055.70203901776,-4931.089431919145,-2420.64001419792,8707.47480736341,10207.0020562127
815.5188116571696,1341.929503486698,-4931.089431919145,-2420.64001419792,8772.40343192132,12477.5891344383
815.5188116571696,1658.923852829384,-4931.089431919145,-2420.64001419792,8864.62719126083,14769.7006204928
1118.87371045187,452.4802252061361,-4931.089431919145,-2420.64001419792,13717.8175344883,4549.51102018582
1118.87371045187,769.4745745488223,-4931.089431919145,-2420.64001419792,13493.4226355718,7471.53950989193
1118.87371045187,1055.70203901776,-4931.089431919145,-2420.64001419792,13342.8591054886,9898.40134303573
1118.87371045187,1341.929503486698,-4931.089431919145,-2420.64001419792,13179.3533570882,12120.7612073592
1118.87371045187,1658.923852829384,-4931.089431919145,-2420.64001419792,13011.2781077869,14368.2995123394
1422.22860924657,452.4802252061361,-4931.089431919145,-2420.64001419792,17912.7850379783,4258.04564287657
1422.22860924657,769.4745745488223,-4931.089431919145,-2420.64001419792,17432.8966714339,6985.26212623272
1422.22860924657,1055.70203901776,-4931.089431919145,-2420.64001419792,17043.7822311809,9254.2468113325
1422.22860924657,1341.929503486698,-4931.089431919145,-2420.64001419792,16648.0487578775,11332.0343813832
1422.22860924657,1658.923852829384,-4931.089431919145,-2420.64001419792,16260.0501332022,13446.3084740567
1758.19143846619,452.4802252061361,-4931.089431919145,-2420.64001419792,25736.0191070836,4721.89381765426
1758.19143846619,769.4745745488223,-4931.089431919145,-2420.64001419792,20714.9219772851,6446.17021554976
1758.19143846619,1055.70203901776,-4931.089431919145,-2420.64001419792,20099.7836566525,8544.71370854939
1758.19143846619,1341.929503486698,-4931.089431919145,-2420.64001419792,19511.427695587,10481.8610139742
1758.19143846619,1658.923852829384,-4931.089431919145,-2420.64001419792,18931.5732661391,12464.3920426384
479.5559824375506,452.4802252061361,-4931.089431919145,-1764.343419089925,3157.78883963929,2061.18025826078
479.5559824375506,769.4745745488223,-4931.089431919145,-1764.343419089925,3138.44018368783,3363.68114791112
479.5559824375506,1055.70203901776,-4931.089431919145,-1764.343419089925,3211.43002160283,4428.47578001626
479.5559824375506,1341.929503486698,-4931.089431919145,-1764.343419089925,3403.61961249419,5396.16186170207
479.5559824375506,1658.923852829384,-4931.089431919145,-1764.343419089925,3719.91406086765,6390.66970418244
815.5188116571696,452.4802252061361,-4931.089431919145,-1764.343419089925,6607.19930448068,1825.32275038837
815.5188116571696,769.4745745488223,-4931.089431919145,-1764.343419089925,6606.97721254092,3002.27063872952
815.5188116571696,1055.70203901776,-4931.089431919145,-1764.343419089925,6650.9766532721,3984.17692730773
815.5188116571696,1341.929503486698,-4931.089431919145,-1764.343419089925,6714.81489771587,4878.34598483504
815.5188116571696,1658.923852829384,-4931.089431919145,-1764.343419089925,6822.06649137827,5780.19284169264
1118.87371045187,452.4802252061361,-4931.089431919145,-1764.343419089925,10554.5269169108,1788.14411739533
1118.87371045187,769.4745745488223,-4931.089431919145,-1764.343419089925,10362.2996835144,2945.05218648678
1118.87371045187,1055.70203901776,-4931.089431919145,-1764.343419089925,10221.8010049209,3912.58910751835
1118.87371045187,1341.929503486698,-4931.089431919145,-1764.343419089925,10097.9943462702,4806.56691055165
1118.87371045187,1658.923852829384,-4931.089431919145,-1764.343419089925,10010.6270367117,5710.65119759293
1422.22860924657,452.4802252061361,-4931.089431919145,-1764.343419089925,13763.6659990532,1697.99880531792
1422.22860924657,769.4745745488223,-4931.089431919145,-1764.343419089925,13381.1664130631,2792.86757440198
1422.22860924657,1055.70203901776,-4931.089431919145,-1764.343419089925,13076.9034550096,3713.08203834547
1422.22860924657,1341.929503486698,-4931.089431919145,-1764.343419089925,12802.6503358271,4567.88802570739
1422.22860924657,1658.923852829384,-4931.089431919145,-1764.343419089925,12561.5450501513,5436.64692193872
1758.19143846619,452.4802252061361,-4931.089431919145,-1764.343419089925,16555.0268985516,1597.53689309683
1758.19143846619,769.4745745488223,-4931.089431919145,-1764.343419089925,16014.8503293174,2625.64066171106
1758.19143846619,1055.70203901776,-4931.089431919145,-1764.343419089925,15561.5664455823,3498.01621069706
1758.19143846619,1341.929503486698,-4931.089431919145,-1764.343419089925,15143.0401116085,4311.11203197322
1758.19143846619,1658.923852829384,-4931.089431919145,-1764.343419089925,14746.2705168565,5144.09901456184
479.5559824375506,452.4802252061361,-4931.089431919145,-1037.5008272091,2471.11009673094,853.310129921561
479.5559824375506,769.4745745488223,-4931.089431919145,-1037.5008272091,2487.13071787383,1393.48498967405
479.5559824375506,1055.70203901776,-4931.089431919145,-1037.5008272091,2589.90581248106,1833.18275171585
479.5559824375506,1341.929503486698,-4931.089431919145,-1037.5008272091,2796.22685784438,2238.16699192457
479.5559824375506,1658.923852829384,-4931.089431919145,-1037.5008272091,3096.02615581042,2659.12095444826
815.5188116571696,452.4802252061361,-4931.089431919145,-1037.5008272091,5488.7455559602,764.631751025036
815.5188116571696,769.4745745488223,-4931.089431919145,-1037.5008272091,5424.37670307889,1255.24901273761
815.5188116571696,1055.70203901776,-4931.089431919145,-1037.5008272091,5426.16274539471,1662.35444950559
815.5188116571696,1341.929503486698,-4931.089431919145,-1037.5008272091,5443.4171917326,2034.49974268755
815.5188116571696,1658.923852829384,-4931.089431919145,-1037.5008272091,5486.27880218385,2403.74376843148
1118.87371045187,452.4802252061361,-4931.089431919145,-1037.5008272091,8456.24639204364,743.203082509205
1118.87371045187,769.4745745488223,-4931.089431919145,-1037.5008272091,8239.81011315039,1219.43326091972
1118.87371045187,1055.70203901776,-4931.089431919145,-1037.5008272091,8070.72258529563,1615.45355008796
1118.87371045187,1341.929503486698,-4931.089431919145,-1037.5008272091,7921.01855718101,1980.52582315404
1118.87371045187,1658.923852829384,-4931.089431919145,-1037.5008272091,7799.92606151391,2350.03416560508
1422.22860924657,452.4802252061361,-4931.089431919145,-1037.5008272091,10702.5610460415,697.272207557169
1422.22860924657,769.4745745488223,-4931.089431919145,-1037.5008272091,10352.8865315462,1143.63456044437
1422.22860924657,1055.70203901776,-4931.089431919145,-1037.5008272091,10047.2961186459,1516.91918758693
1422.22860924657,1341.929503486698,-4931.089431919145,-1037.5008272091,9772.73095083166,1862.53995965054
1422.22860924657,1658.923852829384,-4931.089431919145,-1037.5008272091,9531.41114863367,2214.61743764003
1758.19143846619,452.4802252061361,-4931.089431919145,-1037.5008272091,12528.0081666755,648.652335372931
1758.19143846619,769.4745745488223,-4931.089431919145,-1037.5008272091,12063.6580432689,1062.7714813854
1758.19143846619,1055.70203901776,-4931.089431919145,-1037.5008272091,11646.7026056555,1411.77328660036
1758.19143846619,1341.929503486698,-4931.089431919145,-1037.5008272091,11261.4682480286,1735.27571854023
1758.19143846619,1658.923852829384,-4931.089431919145,-1037.5008272091,10912.0874885394,2067.92702304699
479.5559824375506,452.4802252061361,-3988.83552234047,-3803.77920118674,1506.93471630789,284.808430648834
479.5559824375506,769.4745745488223,-3988.83552234047,-3803.77920118674,1507.77334585423,476.81006360945
479.5559824375506,1055.70203901776,-3988.83552234047,-3803.77920118674,1562.38858351333,651.018975397825
479.5559824375506,1341.929503486698,-3988.83552234047,-3803.77920118674,1697.63147102858,828.14877547951
479.5559824375506,1658.923852829384,-3988.83552234047,-3803.77920118674,1934.09731399656,1023.64832384127
815.5188116571696,452.4802252061361,-3988.83552234047,-3803.77920118674,5831.1693526564,553.162214495063
815.5188116571696,769.4745745488223,-3988.83552234047,-3803.77920118674,4399.99656518422,750.200194494473
815.5188116571696,1055.70203901776,-3988.83552234047,-3803.77920118674,4636.78801372034,1134.627037113
815.5188116571696,1341.929503486698,-3988.83552234047,-3803.77920118674,4853.94291108463,1535.46924765913
815.5188116571696,1658.923852829384,-3988.83552234047,-3803.77920118674,5062.31329967231,1943.03055876498
1118.87371045187,452.4802252061361,-3988.83552234047,-3803.77920118674,15003.8201523202,1274.7010444725
1118.87371045187,769.4745745488223,-3988.83552234047,-3803.77920118674,7940.99768844533,1217.05729411985
1118.87371045187,1055.70203901776,-3988.83552234047,-3803.77920118674,8029.84145955719,1745.51635664164
1118.87371045187,1341.929503486698,-3988.83552234047,-3803.77920118674,8067.79245346645,2282.04895880611
1118.87371045187,1658.923852829384,-3988.83552234047,-3803.77920118674,8069.80904423613,2830.07285515271
1422.22860924657,452.4802252061361,-3988.83552234047,-3803.77920118674,26948.5408317151,2195.76755035921
1422.22860924657,769.4745745488223,-3988.83552234047,-3803.77920118674,10954.9576050008,1611.79228059244
1422.22860924657,1055.70203901776,-3988.83552234047,-3803.77920118674,10812.163797272,2263.27371432974
1422.22860924657,1341.929503486698,-3988.83552234047,-3803.77920118674,10650.3697702929,2922.83449848736
1422.22860924657,1658.923852829384,-3988.83552234047,-3803.77920118674,10455.0656162056,3603.5724459365
1758.19143846619,452.4802252061361,-3988.83552234047,-3803.77920118674,41266.1748876325,3377.07713997754
1758.19143846619,769.4745745488223,-3988.83552234047,-3803.77920118674,13769.0902507848,2035.72174042897
1758.19143846619,1055.70203901776,-3988.83552234047,-3803.77920118674,13075.9149626393,2770.79779727853
1758.19143846619,1341.929503486698,-3988.83552234047,-3803.77920118674,12720.003104908,3555.64190888835
1758.19143846619,1658.923852829384,-3988.83552234047,-3803.77920118674,12362.9919236124,4386.39362299265
479.5559824375506,452.4802252061361,-3988.83552234047,-3076.936609305916,1710.73607626372,624.847454286344
479.5559824375506,769.4745745488223,-3988.83552234047,-3076.936609305916,1707.88587206376,1053.41834460319
479.5559824375506,1055.70203901776,-3988.83552234047,-3076.936609305916,1770.83592852959,1434.75313716377
479.5559824375506,1341.929503486698,-3988.83552234047,-3076.936609305916,1918.06255372002,1802.3464420372
479.5559824375506,1658.923852829384,-3988.83552234047,-3076.936609305916,2172.70802502221,2184.30739243228
815.5188116571696,452.4802252061361,-3988.83552234047,-3076.936609305916,4753.46368619768,818.350937308203
815.5188116571696,769.4745745488223,-3988.83552234047,-3076.936609305916,4943.93230957068,1442.53599754504
815.5188116571696,1055.70203901776,-3988.83552234047,-3076.936609305916,5154.56982226005,2041.6871333597
815.5188116571696,1341.929503486698,-3988.83552234047,-3076.936609305916,5300.04017493389,2623.42442960236
815.5188116571696,1658.923852829384,-3988.83552234047,-3076.936609305916,5419.22586543704,3190.17312599836
1118.87371045187,452.4802252061361,-3988.83552234047,-3076.936609305916,10421.5836214903,1293.29553704968
1118.87371045187,769.4745745488223,-3988.83552234047,-3076.936609305916,8378.46969334905,1794.42617603231
1118.87371045187,1055.70203901776,-3988.83552234047,-3076.936609305916,8381.97577252464,2475.60042087268
1118.87371045187,1341.929503486698,-3988.83552234047,-3076.936609305916,8331.02619194567,3131.29752497121
1118.87371045187,1658.923852829384,-3988.83552234047,-3076.936609305916,8254.92533155557,3788.62944288297
1422.22860924657,452.4802252061361,-3988.83552234047,-3076.936609305916,17915.7905994258,1843.15886721136
1422.22860924657,769.4745745488223,-3988.83552234047,-3076.936609305916,11108.7550084748,1981.20785759954
1422.22860924657,1055.70203901776,-3988.83552234047,-3076.936609305916,10898.2824843974,2709.32145618472
1422.22860924657,1341.929503486698,-3988.83552234047,-3076.936609305916,10679.738260609,3414.04913063628
1422.22860924657,1658.923852829384,-3988.83552234047,-3076.936609305916,10449.4132622967,4129.87848237247
1758.19143846619,452.4802252061361,-3988.83552234047,-3076.936609305916,26856.5201439173,2444.22920792977
1758.19143846619,769.4745745488223,-3988.83552234047,-3076.936609305916,13367.8481772394,2126.41512362874
1758.19143846619,1055.70203901776,-3988.83552234047,-3076.936609305916,12986.6684948237,2904.04363571186
1758.19143846619,1341.929503486698,-3988.83552234047,-3076.936609305916,12604.5923185501,3659.37390722202
1758.19143846619,1658.923852829384,-3988.83552234047,-3076.936609305916,12207.9583894283,4431.63760476067
479.5559824375506,452.4802252061361,-3988.83552234047,-2420.64001419792,1680.11360101637,618.190070035454
479.5559824375506,769.4745745488223,-3988.83552234047,-2420.64001419792,1662.64952180397,1021.66981199423
479.5559824375506,1055.70203901776,-3988.83552234047,-2420.64001419792,1702.37186754347,1369.85275350619
479.5559824375506,1341.929503486698,-3988.83552234047,-2420.64001419792,1812.95321958698,1705.8456070925
479.5559824375506,1658.923852829384,-3988.83552234047,-2420.64001419792,1997.7609712916,2049.65884444172
815.5188116571696,452.4802252061361,-3988.83552234047,-2420.64001419792,4318.82026247356,746.117347708603
815.5188116571696,769.4745745488223,-3988.83552234047,-2420.64001419792,4400.70217079696,1270.15432545083
815.5188116571696,1055.70203901776,-3988.83552234047,-2420.64001419792,4518.68585037541,1755.41856347515
815.5188116571696,1341.929503486698,-3988.83552234047,-2420.64001419792,4629.38210348209,2227.44930511638
815.5188116571696,1658.923852829384,-3988.83552234047,-2420.64001419792,4741.06555593654,2690.70065789525
1118.87371045187,452.4802252061361,-3988.83552234047,-2420.64001419792,7354.54218712097,873.063201602186
1118.87371045187,769.4745745488223,-3988.83552234047,-2420.64001419792,7305.20160526595,1471.31962131425
1118.87371045187,1055.70203901776,-3988.83552234047,-2420.64001419792,7306.26846774008,2021.00226389178
1118.87371045187,1341.929503486698,-3988.83552234047,-2420.64001419792,7278.89786970294,2557.14209548198
1118.87371045187,1658.923852829384,-3988.83552234047,-2420.64001419792,7240.0086874043,3085.09779385305
1422.22860924657,452.4802252061361,-3988.83552234047,-2420.64001419792,9977.04276420698,953.318049757838
1422.22860924657,769.4745745488223,-3988.83552234047,-2420.64001419792,9756.69069541825,1593.5689811791
1422.22860924657,1055.70203901776,-3988.83552234047,-2420.64001419792,9593.08561083812,2179.09156755891
1422.22860924657,1341.929503486698,-3988.83552234047,-2420.64001419792,9416.87273741025,2748.2144796948
1422.22860924657,1658.923852829384,-3988.83552234047,-2420.64001419792,9239.37147138311,3320.41821148808
1758.19143846619,452.4802252061361,-3988.83552234047,-2420.64001419792,14649.818842096,1213.62475871816
1758.19143846619,769.4745745488223,-3988.83552234047,-2420.64001419792,11830.4256284532,1688.9899951933
1758.19143846619,1055.70203901776,-3988.83552234047,-2420.64001419792,11521.6845639546,2308.14068786019
1758.19143846619,1341.929503486698,-3988.83552234047,-2420.64001419792,11221.8442872236,2915.92123341194
1758.19143846619,1658.923852829384,-3988.83552234047,-2420.64001419792,10926.687060808,3541.30246691054
479.5559824375506,452.4802252061361,-3988.83552234047,-1764.343419089925,1510.95274627455,495.184426289953
479.5559824375506,769.4745745488223,-3988.83552234047,-1764.343419089925,1508.07126488982,817.59177756747
479.5559824375506,1055.70203901776,-3988.83552234047,-1764.343419089925,1557.48050758678,1092.70923992563
479.5559824375506,1341.929503486698,-3988.83552234047,-1764.343419089925,1676.65341960443,1358.03281036513
479.5559824375506,1658.923852829384,-3988.83552234047,-1764.343419089925,1875.84369256683,1629.63473921513
815.5188116571696,452.4802252061361,-3988.83552234047,-1764.343419089925,4036.4689443458,597.484089660966
815.5188116571696,769.4745745488223,-3988.83552234047,-1764.343419089925,4098.08026700946,1004.54209326946
815.5188116571696,1055.70203901776,-3988.83552234047,-1764.343419089925,4187.64470343669,1376.37991303485
815.5188116571696,1341.929503486698,-3988.83552234047,-1764.343419089925,4275.0430967515,1740.57795910962
815.5188116571696,1658.923852829384,-3988.83552234047,-1764.343419089925,4374.31671486718,2092.72270850216
1118.87371045187,452.4802252061361,-3988.83552234047,-1764.343419089925,6759.5553147625,671.733640467738
1118.87371045187,769.4745745488223,-3988.83552234047,-1764.343419089925,6665.72737836995,1118.26663719939
1118.87371045187,1055.70203901776,-3988.83552234047,-1764.343419089925,6611.37670881281,1520.01996882269
1118.87371045187,1341.929503486698,-3988.83552234047,-1764.343419089925,6556.01775543742,1915.06447617645
1118.87371045187,1658.923852829384,-3988.83552234047,-1764.343419089925,6505.88404927587,2301.12200735334
1422.22860924657,452.4802252061361,-3988.83552234047,-1764.343419089925,8944.67029523456,702.587343123674
1422.22860924657,769.4745745488223,-3988.83552234047,-1764.343419089925,8704.63365707649,1160.65396164336
1422.22860924657,1055.70203901776,-3988.83552234047,-1764.343419089925,8514.50192119766,1574.09046109175
1422.22860924657,1341.929503486698,-3988.83552234047,-1764.343419089925,8333.1518958883,1976.29455210108
1422.22860924657,1658.923852829384,-3988.83552234047,-1764.343419089925,8164.22237237291,2380.64373065674
1758.19143846619,452.4802252061361,-3988.83552234047,-1764.343419089925,10752.9489606378,719.377244195304
1758.19143846619,769.4745745488223,-3988.83552234047,-1764.343419089925,10402.2677257861,1183.7013790687
1758.19143846619,1055.70203901776,-3988.83552234047,-1764.343419089925,10103.4266492653,1605.88163464314
1758.19143846619,1341.929503486698,-3988.83552234047,-1764.343419089925,9815.68504142462,2017.19293862566
1758.19143846619,1658.923852829384,-3988.83552234047,-1764.343419089925,9542.09918097409,2431.54611183421
479.5559824375506,452.4802252061361,-3988.83552234047,-1037.5008272091,1317.07419461689,339.001625860859
479.5559824375506,769.4745745488223,-3988.83552234047,-1037.5008272091,1314.8494537572,554.006494502501
479.5559824375506,1055.70203901776,-3988.83552234047,-1037.5008272091,1354.90887013063,737.639648092072
479.5559824375506,1341.929503486698,-3988.83552234047,-1037.5008272091,1448.57239313201,914.938089369731
479.5559824375506,1658.923852829384,-3988.83552234047,-1037.5008272091,1600.4749923894,1097.21783321305
815.5188116571696,452.4802252061361,-3988.83552234047,-1037.5008272091,3413.32536334769,396.846840077208
815.5188116571696,769.4745745488223,-3988.83552234047,-1037.5008272091,3411.13336684349,647.340644710185
815.5188116571696,1055.70203901776,-3988.83552234047,-1037.5008272091,3428.82704124156,874.571465995971
815.5188116571696,1341.929503486698,-3988.83552234047,-1037.5008272091,3461.7549101855,1097.58456291053
815.5188116571696,1658.923852829384,-3988.83552234047,-1037.5008272091,3519.04291758428,1316.73602124782
1118.87371045187,452.4802252061361,-3988.83552234047,-1037.5008272091,5421.75648482217,418.267044443895
1118.87371045187,769.4745745488223,-3988.83552234047,-1037.5008272091,5308.44516128329,683.982639081487
1118.87371045187,1055.70203901776,-3988.83552234047,-1037.5008272091,5223.07293971951,922.507319601191
1118.87371045187,1341.929503486698,-3988.83552234047,-1037.5008272091,5158.53945235486,1157.56199100352
1118.87371045187,1658.923852829384,-3988.83552234047,-1037.5008272091,5111.75401425244,1392.55472278811
1422.22860924657,452.4802252061361,-3988.83552234047,-1037.5008272091,7013.7357666814,422.540393773411
1422.22860924657,769.4745745488223,-3988.83552234047,-1037.5008272091,6797.48537920304,692.007670001722
1422.22860924657,1055.70203901776,-3988.83552234047,-1037.5008272091,6612.93519649576,933.80044423302
1422.22860924657,1341.929503486698,-3988.83552234047,-1037.5008272091,6451.59750254537,1171.14082764357
1422.22860924657,1658.923852829384,-3988.83552234047,-1037.5008272091,6308.99850386366,1411.87980988284
1758.19143846619,452.4802252061361,-3988.83552234047,-1037.5008272091,8294.02626629699,424.73221197022
1758.19143846619,769.4745745488223,-3988.83552234047,-1037.5008272091,7994.81890391064,694.861425550668
1758.19143846619,1055.70203901776,-3988.83552234047,-1037.5008272091,7732.58917926124,937.539193646231
1758.19143846619,1341.929503486698,-3988.83552234047,-1037.5008272091,7492.69194852497,1174.34097077273
1758.19143846619,1658.923852829384,-3988.83552234047,-1037.5008272091,7270.76090372845,1413.12919687362
479.5559824375506,452.4802252061361,-3138.03503336049,-3803.77920118674,1005.34109235434,198.048745934992
479.5559824375506,769.4745745488223,-3138.03503336049,-3803.77920118674,1002.78519910178,330.924292506812
479.5559824375506,1055.70203901776,-3138.03503336049,-3803.77920118674,1029.60234992238,455.636077897224
479.5559824375506,1341.929503486698,-3138.03503336049,-3803.77920118674,1100.93428877865,590.291520651954
479.5559824375506,1658.923852829384,-3138.03503336049,-3803.77920118674,1232.68866925321,739.197346443107
815.5188116571696,452.4802252061361,-3138.03503336049,-3803.77920118674,3716.95475334606,412.362347175966
815.5188116571696,769.4745745488223,-3138.03503336049,-3803.77920118674,2812.77555127477,544.696983041784
815.5188116571696,1055.70203901776,-3138.03503336049,-3803.77920118674,2980.5320566003,827.250648868945
815.5188116571696,1341.929503486698,-3138.03503336049,-3803.77920118674,3118.2841047265,1133.84818811179
815.5188116571696,1658.923852829384,-3138.03503336049,-3803.77920118674,3232.45545845041,1441.26470024468
1118.87371045187,452.4802252061361,-3138.03503336049,-3803.77920118674,9582.8189539628,965.844335391015
1118.87371045187,769.4745745488223,-3138.03503336049,-3803.77920118674,5050.56487721701,908.66205395182
1118.87371045187,1055.70203901776,-3138.03503336049,-3803.77920118674,5104.29614920782,1300.43968746626
1118.87371045187,1341.929503486698,-3138.03503336049,-3803.77920118674,5129.60992021293,1715.33966105109
1118.87371045187,1658.923852829384,-3138.03503336049,-3803.77920118674,5126.00449809998,2133.38111322225
1422.22860924657,452.4802252061361,-3138.03503336049,-3803.77920118674,17147.7343719315,1683.73056494783
1422.22860924657,769.4745745488223,-3138.03503336049,-3803.77920118674,6962.85882013328,1227.05420838228
1422.22860924657,1055.70203901776,-3138.03503336049,-3803.77920118674,6862.53902067741,1727.35950586681
1422.22860924657,1341.929503486698,-3138.03503336049,-3803.77920118674,6750.00439375076,2235.57177527463
1422.22860924657,1658.923852829384,-3138.03503336049,-3803.77920118674,6615.51209924566,2756.69426251066
1758.19143846619,452.4802252061361,-3138.03503336049,-3803.77920118674,26116.4744202754,2617.18734431487
1758.19143846619,769.4745745488223,-3138.03503336049,-3803.77920118674,8704.66998863229,1572.24505933018
1758.19143846619,1055.70203901776,-3138.03503336049,-3803.77920118674,8270.83571752483,2151.93631831501
1758.19143846619,1341.929503486698,-3138.03503336049,-3803.77920118674,8056.7967483605,2768.30292626942
1758.19143846619,1658.923852829384,-3138.03503336049,-3803.77920118674,7824.92804653982,3416.73526673561
479.5559824375506,452.4802252061361,-3138.03503336049,-3076.936609305916,1080.96751205375,487.376030967127
479.5559824375506,769.4745745488223,-3138.03503336049,-3076.936609305916,1072.79385464796,809.867637195947
479.5559824375506,1055.70203901776,-3138.03503336049,-3076.936609305916,1100.91486031628,1102.50970370909
479.5559824375506,1341.929503486698,-3138.03503336049,-3076.936609305916,1164.11142105632,1396.03231367897
479.5559824375506,1658.923852829384,-3138.03503336049,-3076.936609305916,1269.73336549308,1705.12823720138
815.5188116571696,452.4802252061361,-3138.03503336049,-3076.936609305916,2767.89011627367,652.423161700462
815.5188116571696,769.4745745488223,-3138.03503336049,-3076.936609305916,2899.24532757727,1117.27149131377
815.5188116571696,1055.70203901776,-3138.03503336049,-3076.936609305916,3066.76074160485,1587.55148833402
815.5188116571696,1341.929503486698,-3138.03503336049,-3076.936609305916,3192.07049214635,2068.97593221546
815.5188116571696,1658.923852829384,-3138.03503336049,-3076.936609305916,3286.88666271452,2536.13276179451
1118.87371045187,452.4802252061361,-3138.03503336049,-3076.936609305916,6348.39097606449,1054.36309307624
1118.87371045187,769.4745745488223,-3138.03503336049,-3076.936609305916,5145.35430354391,1452.56249642784
1118.87371045187,1055.70203901776,-3138.03503336049,-3076.936609305916,5212.57758473766,2020.51371162765
1118.87371045187,1341.929503486698,-3138.03503336049,-3076.936609305916,5243.74247769316,2593.97575378844
1118.87371045187,1658.923852829384,-3138.03503336049,-3076.936609305916,5239.42759814653,3170.1179514107
1422.22860924657,452.4802252061361,-3138.03503336049,-3076.936609305916,11427.5211634688,1586.48030916233
1422.22860924657,769.4745745488223,-3138.03503336049,-3076.936609305916,7116.31455242486,1708.69354027919
1422.22860924657,1055.70203901776,-3138.03503336049,-3076.936609305916,7023.39782406651,2364.31503260697
1422.22860924657,1341.929503486698,-3138.03503336049,-3076.936609305916,6917.55261392803,3017.16396095714
1422.22860924657,1658.923852829384,-3138.03503336049,-3076.936609305916,6789.94404116653,3681.70839768709
1758.19143846619,452.4802252061361,-3138.03503336049,-3076.936609305916,17476.9260333883,2242.54823882731
1758.19143846619,769.4745745488223,-3138.03503336049,-3076.936609305916,8705.17015037668,1954.41052610993
1758.19143846619,1055.70203901776,-3138.03503336049,-3076.936609305916,8482.68703268304,2698.75243587214
1758.19143846619,1341.929503486698,-3138.03503336049,-3076.936609305916,8261.68941044339,3444.28612153846
1758.19143846619,1658.923852829384,-3138.03503336049,-3076.936609305916,8027.78133193951,4208.4804227687
479.5559824375506,452.4802252061361,-3138.03503336049,-2420.64001419792,1108.77332134493,597.154046987082
479.5559824375506,769.4745745488223,-3138.03503336049,-2420.64001419792,1099.81544673878,986.408384468153
479.5559824375506,1055.70203901776,-3138.03503336049,-2420.64001419792,1127.92940046671,1335.71331929244
479.5559824375506,1341.929503486698,-3138.03503336049,-2420.64001419792,1192.2642518145,1687.02398119035
479.5559824375506,1658.923852829384,-3138.03503336049,-2420.64001419792,1293.56736187086,2050.59369515837
815.5188116571696,452.4802252061361,-3138.03503336049,-2420.64001419792,2779.29479456169,770.388989418753
815.5188116571696,769.4745745488223,-3138.03503336049,-2420.64001419792,2860.50744025381,1283.45940549226
815.5188116571696,1055.70203901776,-3138.03503336049,-2420.64001419792,2981.10758162422,1784.48284662731
815.5188116571696,1341.929503486698,-3138.03503336049,-2420.64001419792,3079.21380170614,2298.90576070198
815.5188116571696,1658.923852829384,-3138.03503336049,-2420.64001419792,3160.2559029285,2797.66768652248
1118.87371045187,452.4802252061361,-3138.03503336049,-2420.64001419792,4901.05312241748,927.100403799609
1118.87371045187,769.4745745488223,-3138.03503336049,-2420.64001419792,4890.98095685432,1540.5732177308
1118.87371045187,1055.70203901776,-3138.03503336049,-2420.64001419792,4928.88746466964,2123.1420031526
1118.87371045187,1341.929503486698,-3138.03503336049,-2420.64001419792,4942.20215122215,2720.64011113396
1118.87371045187,1658.923852829384,-3138.03503336049,-2420.64001419792,4943.96575996211,3304.50711411803
1422.22860924657,452.4802252061361,-3138.03503336049,-2420.64001419792,6814.90317766564,1042.27669685911
1422.22860924657,769.4745745488223,-3138.03503336049,-2420.64001419792,6675.94039384356,1721.06689139249
1422.22860924657,1055.70203901776,-3138.03503336049,-2420.64001419792,6595.02750612062,2362.99052603382
1422.22860924657,1341.929503486698,-3138.03503336049,-2420.64001419792,6501.28375785568,3005.6853869708
1422.22860924657,1658.923852829384,-3138.03503336049,-2420.64001419792,6398.8820804693,3645.74910662191
1758.19143846619,452.4802252061361,-3138.03503336049,-2420.64001419792,10135.4895095591,1360.64326182366
1758.19143846619,769.4745745488223,-3138.03503336049,-2420.64001419792,8180.6528274794,1868.07690317669
1758.19143846619,1055.70203901776,-3138.03503336049,-2420.64001419792,7985.28299966725,2558.5237228269
1758.19143846619,1341.929503486698,-3138.03503336049,-2420.64001419792,7794.02871983254,3252.13283812738
1758.19143846619,1658.923852829384,-3138.03503336049,-2420.64001419792,7598.79331198781,3957.15426803555
479.5559824375506,452.4802252061361,-3138.03503336049,-1764.343419089925,1050.82422917375,556.917905913762
479.5559824375506,769.4745745488223,-3138.03503336049,-1764.343419089925,1045.34791811537,914.405315285669
479.5559824375506,1055.70203901776,-3138.03503336049,-1764.343419089925,1071.55622575624,1235.36109367248
479.5559824375506,1341.929503486698,-3138.03503336049,-1764.343419089925,1130.78917919457,1571.70560486161
479.5559824375506,1658.923852829384,-3138.03503336049,-1764.343419089925,1219.57057106221,1916.51630341453
815.5188116571696,452.4802252061361,-3138.03503336049,-1764.343419089925,2568.88874582571,713.845280759402
815.5188116571696,769.4745745488223,-3138.03503336049,-1764.343419089925,2601.66599925713,1157.72605478948
815.5188116571696,1055.70203901776,-3138.03503336049,-1764.343419089925,2682.40486600487,1585.89392848339
815.5188116571696,1341.929503486698,-3138.03503336049,-1764.343419089925,2753.0437986495,2042.73467714057
815.5188116571696,1658.923852829384,-3138.03503336049,-1764.343419089925,2820.08459657149,2488.60751688032
1118.87371045187,452.4802252061361,-3138.03503336049,-1764.343419089925,4336.84153438376,809.768253428431
1118.87371045187,769.4745745488223,-3138.03503336049,-1764.343419089925,4304.88165816122,1322.73854201153
1118.87371045187,1055.70203901776,-3138.03503336049,-1764.343419089925,4316.64865697003,1809.0493536309
1118.87371045187,1341.929503486698,-3138.03503336049,-1764.343419089925,4317.01959461009,2316.37004209288
1118.87371045187,1658.923852829384,-3138.03503336049,-1764.343419089925,4319.74339466598,2814.72313416678
1422.22860924657,452.4802252061361,-3138.03503336049,-1764.343419089925,5933.69043288528,875.050989944311
1422.22860924657,769.4745745488223,-3138.03503336049,-1764.343419089925,5795.51591893611,1430.18705161591
1422.22860924657,1055.70203901776,-3138.03503336049,-1764.343419089925,5716.09821744659,1953.40550751437
1422.22860924657,1341.929503486698,-3138.03503336049,-1764.343419089925,5634.41719993731,2487.27189719974
1422.22860924657,1658.923852829384,-3138.03503336049,-1764.343419089925,5557.54194935683,3020.44240004152
1758.19143846619,452.4802252061361,-3138.03503336049,-1764.343419089925,7323.23317963658,931.076062525672
1758.19143846619,769.4745745488223,-3138.03503336049,-1764.343419089925,7105.0111917857,1517.12436179697
1758.19143846619,1055.70203901776,-3138.03503336049,-1764.343419089925,6941.67843366513,2070.39604149104
1758.19143846619,1341.929503486698,-3138.03503336049,-1764.343419089925,6780.74697221018,2627.00055906871
1758.19143846619,1658.923852829384,-3138.03503336049,-1764.343419089925,6629.31302738086,3183.58574335276
479.5559824375506,452.4802252061361,-3138.03503336049,-1037.5008272091,918.792876637629,448.972628808586
479.5559824375506,769.4745745488223,-3138.03503336049,-1037.5008272091,917.759056343262,732.152817327938
479.5559824375506,1055.70203901776,-3138.03503336049,-1037.5008272091,941.433955459035,985.463397608517
479.5559824375506,1341.929503486698,-3138.03503336049,-1037.5008272091,990.803005419854,1246.71591864666
479.5559824375506,1658.923852829384,-3138.03503336049,-1037.5008272091,1064.31617433886,1513.97338552549
815.5188116571696,452.4802252061361,-3138.03503336049,-1037.5008272091,2219.18223776999,552.997510608251
815.5188116571696,769.4745745488223,-3138.03503336049,-1037.5008272091,2210.99420569475,875.986230523398
815.5188116571696,1055.70203901776,-3138.03503336049,-1037.5008272091,2240.0014761073,1186.30098793781
815.5188116571696,1341.929503486698,-3138.03503336049,-1037.5008272091,2266.35611833322,1507.43543067804
815.5188116571696,1658.923852829384,-3138.03503336049,-1037.5008272091,2299.18064040206,1829.76923428616
1118.87371045187,452.4802252061361,-3138.03503336049,-1037.5008272091,3516.4119229107,584.539110331694
1118.87371045187,769.4745745488223,-3138.03503336049,-1037.5008272091,3448.0984047482,939.48728817841
1118.87371045187,1055.70203901776,-3138.03503336049,-1037.5008272091,3407.70344458649,1267.33548945022
1118.87371045187,1341.929503486698,-3138.03503336049,-1037.5008272091,3374.03070081775,1605.40933571131
1118.87371045187,1658.923852829384,-3138.03503336049,-1037.5008272091,3357.15627524847,1942.71162726724
1422.22860924657,452.4802252061361,-3138.03503336049,-1037.5008272091,4590.45101756577,593.722836371654
1422.22860924657,769.4745745488223,-3138.03503336049,-1037.5008272091,4442.84587571173,959.034414166558
1422.22860924657,1055.70203901776,-3138.03503336049,-1037.5008272091,4334.4149530844,1290.30228955159
1422.22860924657,1341.929503486698,-3138.03503336049,-1037.5008272091,4243.2512638169,1629.58728114451
1422.22860924657,1658.923852829384,-3138.03503336049,-1037.5008272091,4162.55060703959,1970.23747206329
1758.19143846619,452.4802252061361,-3138.03503336049,-1037.5008272091,5463.21359201426,597.928717489841
1758.19143846619,769.4745745488223,-3138.03503336049,-1037.5008272091,5264.40825091813,964.417151121048
1758.19143846619,1055.70203901776,-3138.03503336049,-1037.5008272091,5101.120424432,1297.1349099935
1758.19143846619,1341.929503486698,-3138.03503336049,-1037.5008272091,4951.82875941891,1632.86391169635
1758.19143846619,1658.923852829384,-3138.03503336049,-1037.5008272091,4817.98306824532,1963.78577628449
479.5559824375506,452.4802252061361,-2287.234544380511,-3803.77920118674,666.80496463368,275.28794733124
479.5559824375506,769.4745745488223,-2287.234544380511,-3803.77920118674,660.424657035422,451.346323932479
479.5559824375506,1055.70203901776,-2287.234544380511,-3803.77920118674,668.108707731449,612.681587345542
479.5559824375506,1341.929503486698,-2287.234544380511,-3803.77920118674,694.408589594664,790.750671603507
479.5559824375506,1658.923852829384,-2287.234544380511,-3803.77920118674,740.781632500723,979.273230046315
815.5188116571696,452.4802252061361,-2287.234544380511,-3803.77920118674,2183.31571876159,524.396476249584
815.5188116571696,769.4745745488223,-2287.234544380511,-3803.77920118674,1604.09888448456,619.376215704102
815.5188116571696,1055.70203901776,-2287.234544380511,-3803.77920118674,1668.15391809727,874.997581629797
815.5188116571696,1341.929503486698,-2287.234544380511,-3803.77920118674,1719.57505933446,1163.24415353543
815.5188116571696,1658.923852829384,-2287.234544380511,-3803.77920118674,1761.53971878413,1453.41060740282
1118.87371045187,452.4802252061361,-2287.234544380511,-3803.77920118674,5199.4210229281,962.926338546216
1118.87371045187,769.4745745488223,-2287.234544380511,-3803.77920118674,2728.6958250767,854.192739637864
1118.87371045187,1055.70203901776,-2287.234544380511,-3803.77920118674,2757.3900528407,1191.870978975
1118.87371045187,1341.929503486698,-2287.234544380511,-3803.77920118674,2773.13138818931,1576.16226092957
1118.87371045187,1658.923852829384,-2287.234544380511,-3803.77920118674,2778.71173510244,1945.41898141063
1422.22860924657,452.4802252061361,-2287.234544380511,-3803.77920118674,9278.70114164538,1549.36891480682
1422.22860924657,769.4745745488223,-2287.234544380511,-3803.77920118674,3760.02092125395,1084.88597894164
1422.22860924657,1055.70203901776,-2287.234544380511,-3803.77920118674,3713.46495928838,1518.82805142883
1422.22860924657,1341.929503486698,-2287.234544380511,-3803.77920118674,3666.49298924359,1984.5483325672
1422.22860924657,1658.923852829384,-2287.234544380511,-3803.77920118674,3614.55763536664,2450.62415796814
1758.19143846619,452.4802252061361,-2287.234544380511,-3803.77920118674,14242.0606565787,2360.18396986942
1758.19143846619,769.4745745488223,-2287.234544380511,-3803.77920118674,4754.15790199481,1377.23926941795
1758.19143846619,1055.70203901776,-2287.234544380511,-3803.77920118674,4538.04120425017,1884.72304289814
1758.19143846619,1341.929503486698,-2287.234544380511,-3803.77920118674,4444.59564677565,2443.08726541251
1758.19143846619,1658.923852829384,-2287.234544380511,-3803.77920118674,4345.50013813751,3038.6435111057
479.5559824375506,452.4802252061361,-2287.234544380511,-3076.936609305916,602.971394454517,437.800671528324
479.5559824375506,769.4745745488223,-2287.234544380511,-3076.936609305916,600.352504458389,714.450773121678
479.5559824375506,1055.70203901776,-2287.234544380511,-3076.936609305916,619.773982645081,978.816427654398
479.5559824375506,1341.929503486698,-2287.234544380511,-3076.936609305916,656.671425795183,1258.69842689348
479.5559824375506,1658.923852829384,-2287.234544380511,-3076.936609305916,707.988740156301,1543.85320528641
815.5188116571696,452.4802252061361,-2287.234544380511,-3076.936609305916,1510.37322700525,620.957822355198
815.5188116571696,769.4745745488223,-2287.234544380511,-3076.936609305916,1555.86151814313,984.944797636612
815.5188116571696,1055.70203901776,-2287.234544380511,-3076.936609305916,1637.45479211271,1363.06775886003
815.5188116571696,1341.929503486698,-2287.234544380511,-3076.936609305916,1700.01164293313,1792.74373888044
815.5188116571696,1658.923852829384,-2287.234544380511,-3076.936609305916,1754.03691751487,2183.88079524422
1118.87371045187,452.4802252061361,-2287.234544380511,-3076.936609305916,3369.41607828335,945.930077999563
1118.87371045187,769.4745745488223,-2287.234544380511,-3076.936609305916,2723.58498421805,1250.15053049951
1118.87371045187,1055.70203901776,-2287.234544380511,-3076.936609305916,2765.16163133525,1733.51037430129
1118.87371045187,1341.929503486698,-2287.234544380511,-3076.936609305916,2791.76517009688,2259.26394701224
1118.87371045187,1658.923852829384,-2287.234544380511,-3076.936609305916,2808.1927648444,2774.70848732659
1422.22860924657,452.4802252061361,-2287.234544380511,-3076.936609305916,6104.82884452012,1443.35605412246
1422.22860924657,769.4745745488223,-2287.234544380511,-3076.936609305916,3798.9024145313,1501.70726386721
1422.22860924657,1055.70203901776,-2287.234544380511,-3076.936609305916,3766.06612639338,2093.63630320827
1422.22860924657,1341.929503486698,-2287.234544380511,-3076.936609305916,3727.22624434669,2716.00471929589
1422.22860924657,1658.923852829384,-2287.234544380511,-3076.936609305916,3683.07726873284,3325.39057531216
1758.19143846619,452.4802252061361,-2287.234544380511,-3076.936609305916,9461.67820797984,2096.22983402263
1758.19143846619,769.4745745488223,-2287.234544380511,-3076.936609305916,4723.472737497,1770.98921306708
1758.19143846619,1055.70203901776,-2287.234544380511,-3076.936609305916,4628.94471493417,2470.65521002261
1758.19143846619,1341.929503486698,-2287.234544380511,-3076.936609305916,4535.28957658709,3203.91145930704
1758.19143846619,1658.923852829384,-2287.234544380511,-3076.936609305916,4438.2495625798,3922.70887543161
479.5559824375506,452.4802252061361,-2287.234544380511,-2420.64001419792,616.896560169563,564.598242797377
479.5559824375506,769.4745745488223,-2287.234544380511,-2420.64001419792,616.535215785997,910.232251434509
479.5559824375506,1055.70203901776,-2287.234544380511,-2420.64001419792,638.344191880617,1244.56145037972
479.5559824375506,1341.929503486698,-2287.234544380511,-2420.64001419792,675.680493756954,1610.95259924399
479.5559824375506,1658.923852829384,-2287.234544380511,-2420.64001419792,725.322918661628,1970.73605631505
815.5188116571696,452.4802252061361,-2287.234544380511,-2420.64001419792,1527.1870498247,790.254250124754
815.5188116571696,769.4745745488223,-2287.234544380511,-2420.64001419792,1569.49188726912,1234.11350366941
815.5188116571696,1055.70203901776,-2287.234544380511,-2420.64001419792,1651.88295961009,1712.35840419846
815.5188116571696,1341.929503486698,-2287.234544380511,-2420.64001419792,1711.18732470085,2250.30050225661
815.5188116571696,1658.923852829384,-2287.234544380511,-2420.64001419792,1767.62105813992,2736.18880874572
1118.87371045187,452.4802252061361,-2287.234544380511,-2420.64001419792,2730.10717426026,947.011840096338
1118.87371045187,769.4745745488223,-2287.234544380511,-2420.64001419792,2743.45952471632,1513.20469958823
1118.87371045187,1055.70203901776,-2287.234544380511,-2420.64001419792,2792.04923858729,2102.6896825075
1118.87371045187,1341.929503486698,-2287.234544380511,-2420.64001419792,2820.94877101239,2733.96806180846
1118.87371045187,1658.923852829384,-2287.234544380511,-2420.64001419792,2845.94821607709,3322.16917065266
1422.22860924657,452.4802252061361,-2287.234544380511,-2420.64001419792,3918.20136020235,1095.91725940733
1422.22860924657,769.4745745488223,-2287.234544380511,-2420.64001419792,3861.20738842596,1760.07614895925
1422.22860924657,1055.70203901776,-2287.234544380511,-2420.64001419792,3845.43862356209,2438.52330057452
1422.22860924657,1341.929503486698,-2287.234544380511,-2420.64001419792,3815.12813597296,3149.86935480142
1422.22860924657,1658.923852829384,-2287.234544380511,-2420.64001419792,3783.49176225551,3827.63063091034
1758.19143846619,452.4802252061361,-2287.234544380511,-2420.64001419792,5998.27248882159,1495.60855258183
1758.19143846619,769.4745745488223,-2287.234544380511,-2420.64001419792,4865.66824250596,2010.45394857806
1758.19143846619,1055.70203901776,-2287.234544380511,-2420.64001419792,4782.67349944737,2775.86371619892
1758.19143846619,1341.929503486698,-2287.234544380511,-2420.64001419792,4691.94537997022,3582.63093934044
1758.19143846619,1658.923852829384,-2287.234544380511,-2420.64001419792,4598.71779371106,4359.25265174138
479.5559824375506,452.4802252061361,-2287.234544380511,-1764.343419089925,639.518424029026,622.412780561589
479.5559824375506,769.4745745488223,-2287.234544380511,-1764.343419089925,639.82739795282,1000.10735313101
479.5559824375506,1055.70203901776,-2287.234544380511,-1764.343419089925,659.815658202741,1342.11670996768
479.5559824375506,1341.929503486698,-2287.234544380511,-1764.343419089925,694.819190201082,1737.59854994208
479.5559824375506,1658.923852829384,-2287.234544380511,-1764.343419089925,738.222255652423,2119.95550808793
815.5188116571696,452.4802252061361,-2287.234544380511,-1764.343419089925,1521.96230374728,842.790822756737
815.5188116571696,769.4745745488223,-2287.234544380511,-1764.343419089925,1545.52165588282,1306.55367804129
815.5188116571696,1055.70203901776,-2287.234544380511,-1764.343419089925,1601.6756444264,1791.76547198747
815.5188116571696,1341.929503486698,-2287.234544380511,-1764.343419089925,1638.43690793349,2356.4748951798
815.5188116571696,1658.923852829384,-2287.234544380511,-1764.343419089925,1674.94881746411,2851.31503559084
1118.87371045187,452.4802252061361,-2287.234544380511,-1764.343419089925,2559.22643929184,970.13833896627
1118.87371045187,769.4745745488223,-2287.234544380511,-1764.343419089925,2549.49329568025,1541.14039719933
1118.87371045187,1055.70203901776,-2287.234544380511,-1764.343419089925,2567.60006965781,2125.78996701547
1118.87371045187,1341.929503486698,-2287.234544380511,-1764.343419089925,2569.3037157377,2762.86633704592
1118.87371045187,1658.923852829384,-2287.234544380511,-1764.343419089925,2577.69356491427,3348.31211925639
1422.22860924657,452.4802252061361,-2287.234544380511,-1764.343419089925,3520.1929644548,1086.45606337892
1422.22860924657,769.4745745488223,-2287.234544380511,-1764.343419089925,3445.75847815493,1727.22456032972
1422.22860924657,1055.70203901776,-2287.234544380511,-1764.343419089925,3410.12361855354,2374.69297976863
1422.22860924657,1341.929503486698,-2287.234544380511,-1764.343419089925,3362.71927323051,3058.01419114955
1422.22860924657,1658.923852829384,-2287.234544380511,-1764.343419089925,3323.68865125378,3696.33432970584
1758.19143846619,452.4802252061361,-2287.234544380511,-1764.343419089925,4356.10061472539,1190.86654421696
1758.19143846619,769.4745745488223,-2287.234544380511,-1764.343419089925,4236.59332694088,1885.48814349489
1758.19143846619,1055.70203901776,-2287.234544380511,-1764.343419089925,4146.84484012542,2591.9119936284
1758.19143846619,1341.929503486698,-2287.234544380511,-1764.343419089925,4050.64570856157,3313.15396929027
1758.19143846619,1658.923852829384,-2287.234544380511,-1764.343419089925,3970.16373040344,3982.27061362825
479.5559824375506,452.4802252061361,-2287.234544380511,-1037.5008272091,549.24283231016,567.788860196444
479.5559824375506,769.4745745488223,-2287.234544380511,-1037.5008272091,547.091706589155,895.470181326407
479.5559824375506,1055.70203901776,-2287.234544380511,-1037.5008272091,557.769981874295,1195.49752091851
479.5559824375506,1341.929503486698,-2287.234544380511,-1037.5008272091,579.974279185686,1531.51034656981
479.5559824375506,1658.923852829384,-2287.234544380511,-1037.5008272091,608.832282947898,1870.41763286927
815.5188116571696,452.4802252061361,-2287.234544380511,-1037.5008272091,1215.29534902704,744.104254374357
815.5188116571696,769.4745745488223,-2287.234544380511,-1037.5008272091,1205.9277108816,1134.8007577788
815.5188116571696,1055.70203901776,-2287.234544380511,-1037.5008272091,1228.45626459753,1546.43663978059
815.5188116571696,1341.929503486698,-2287.234544380511,-1037.5008272091,1244.36651957987,2024.99201035872
815.5188116571696,1658.923852829384,-2287.234544380511,-1037.5008272091,1269.38516707435,2462.59022801005
1118.87371045187,452.4802252061361,-2287.234544380511,-1037.5008272091,1910.6437054589,825.689060822216
1118.87371045187,769.4745745488223,-2287.234544380511,-1037.5008272091,1887.80755032238,1301.98767486083
1118.87371045187,1055.70203901776,-2287.234544380511,-1037.5008272091,1886.48753291615,1783.0068898799
1118.87371045187,1341.929503486698,-2287.234544380511,-1037.5008272091,1878.75169812829,2314.96228352675
1118.87371045187,1658.923852829384,-2287.234544380511,-1037.5008272091,1888.19683108538,2809.36822851942
1422.22860924657,452.4802252061361,-2287.234544380511,-1037.5008272091,2558.37798614848,896.476998538121
1422.22860924657,769.4745745488223,-2287.234544380511,-1037.5008272091,2496.80339756387,1423.77210479314
1422.22860924657,1055.70203901776,-2287.234544380511,-1037.5008272091,2465.09784133623,1941.2584786386
1422.22860924657,1341.929503486698,-2287.234544380511,-1037.5008272091,2427.31802267748,2494.74789740264
1422.22860924657,1658.923852829384,-2287.234544380511,-1037.5008272091,2402.76207118008,3014.94173935496
1758.19143846619,452.4802252061361,-2287.234544380511,-1037.5008272091,3137.20619717176,954.34365576973
1758.19143846619,769.4745745488223,-2287.234544380511,-1037.5008272091,3049.64107411383,1512.44712815463
1758.19143846619,1055.70203901776,-2287.234544380511,-1037.5008272091,2983.75095933298,2059.40745604367
1758.19143846619,1341.929503486698,-2287.234544380511,-1037.5008272091,2910.71846112195,2624.62100829899
1758.19143846619,1658.923852829384,-2287.234544380511,-1037.5008272091,2857.14994389874,3142.12458990734
479.5559824375506,452.4802252061361,-1344.980634801836,-3803.77920118674,396.906366109964,441.792217022558
479.5559824375506,769.4745745488223,-1344.980634801836,-3803.77920118674,395.291768093573,699.939748532217
479.5559824375506,1055.70203901776,-1344.980634801836,-3803.77920118674,400.093779737741,937.171844141423
479.5559824375506,1341.929503486698,-1344.980634801836,-3803.77920118674,408.16983417199,1198.46632335554
479.5559824375506,1658.923852829384,-1344.980634801836,-3803.77920118674,420.735719626715,1451.42203093421
815.5188116571696,452.4802252061361,-1344.980634801836,-3803.77920118674,1190.07172064807,823.721488877112
815.5188116571696,769.4745745488223,-1344.980634801836,-3803.77920118674,857.792197176059,913.054258744894
815.5188116571696,1055.70203901776,-1344.980634801836,-3803.77920118674,872.171225595977,1258.20055364182
815.5188116571696,1341.929503486698,-1344.980634801836,-3803.77920118674,879.003679571325,1629.64702569881
815.5188116571696,1658.923852829384,-1344.980634801836,-3803.77920118674,883.940451915334,1973.13353027601
1118.87371045187,452.4802252061361,-1344.980634801836,-3803.77920118674,2534.67057545567,1338.20333154003
1118.87371045187,769.4745745488223,-1344.980634801836,-3803.77920118674,1318.46332826649,1108.78683030529
1118.87371045187,1055.70203901776,-1344.980634801836,-3803.77920118674,1315.41040504016,1549.51453266576
1118.87371045187,1341.929503486698,-1344.980634801836,-3803.77920118674,1308.82765704272,2036.20116797842
1118.87371045187,1658.923852829384,-1344.980634801836,-3803.77920118674,1303.08415720399,2469.25266137817
1422.22860924657,452.4802252061361,-1344.980634801836,-3803.77920118674,4257.48953754572,2030.89660156604
1422.22860924657,769.4745745488223,-1344.980634801836,-3803.77920118674,1724.84985311946,1338.68564235531
1422.22860924657,1055.70203901776,-1344.980634801836,-3803.77920118674,1694.12438826053,1908.20873923292
1422.22860924657,1341.929503486698,-1344.980634801836,-3803.77920118674,1666.3117564372,2495.39299868257
1422.22860924657,1658.923852829384,-1344.980634801836,-3803.77920118674,1636.95905036147,3059.45695846248
1758.19143846619,452.4802252061361,-1344.980634801836,-3803.77920118674,6350.26699498213,3048.2620659872
1758.19143846619,769.4745745488223,-1344.980634801836,-3803.77920118674,2125.2184710783,1687.38293185044
1758.19143846619,1055.70203901776,-1344.980634801836,-3803.77920118674,2018.54919230877,2348.7866947355
1758.19143846619,1341.929503486698,-1344.980634801836,-3803.77920118674,1970.97038480819,3019.64266827718
1758.19143846619,1658.923852829384,-1344.980634801836,-3803.77920118674,1921.27509715101,3751.09793118646
479.5559824375506,452.4802252061361,-1344.980634801836,-3076.936609305916,265.161116674527,539.470940956989
479.5559824375506,769.4745745488223,-1344.980634801836,-3076.936609305916,264.805375184544,834.609062382737
479.5559824375506,1055.70203901776,-1344.980634801836,-3076.936609305916,271.565779246607,1123.13845682234
479.5559824375506,1341.929503486698,-1344.980634801836,-3076.936609305916,281.215348140875,1448.15603755762
479.5559824375506,1658.923852829384,-1344.980634801836,-3076.936609305916,294.345361055616,1780.94393734042
815.5188116571696,452.4802252061361,-1344.980634801836,-3076.936609305916,577.585050118455,804.487040896941
815.5188116571696,769.4745745488223,-1344.980634801836,-3076.936609305916,585.56224261547,1188.03275713791
815.5188116571696,1055.70203901776,-1344.980634801836,-3076.936609305916,606.687416162033,1626.95958128174
815.5188116571696,1341.929503486698,-1344.980634801836,-3076.936609305916,619.047009510967,2152.54714930528
815.5188116571696,1658.923852829384,-1344.980634801836,-3076.936609305916,641.118841181241,2562.50482496825
1118.87371045187,452.4802252061361,-1344.980634801836,-3076.936609305916,1177.76616813007,1181.46397485147
1118.87371045187,769.4745745488223,-1344.980634801836,-3076.936609305916,950.341142875802,1489.34253544984
1118.87371045187,1055.70203901776,-1344.980634801836,-3076.936609305916,962.028672563938,2090.82899110459
1118.87371045187,1341.929503486698,-1344.980634801836,-3076.936609305916,967.169445580857,2771.77974117641
1118.87371045187,1658.923852829384,-1344.980634801836,-3076.936609305916,981.367318656448,3386.6680225493
1422.22860924657,452.4802252061361,-1344.980634801836,-3076.936609305916,2077.92564555023,1852.16747202195
1422.22860924657,769.4745745488223,-1344.980634801836,-3076.936609305916,1308.1238354157,1837.93505644604
1422.22860924657,1055.70203901776,-1344.980634801836,-3076.936609305916,1300.07115952565,2633.55166807498
1422.22860924657,1341.929503486698,-1344.980634801836,-3076.936609305916,1285.21822092668,3474.64223576095
1422.22860924657,1658.923852829384,-1344.980634801836,-3076.936609305916,1282.30549185102,4277.91558771354
1758.19143846619,452.4802252061361,-1344.980634801836,-3076.936609305916,3240.74087806905,2833.94671224635
1758.19143846619,769.4745745488223,-1344.980634801836,-3076.936609305916,1642.38797706397,2309.07062934439
1758.19143846619,1055.70203901776,-1344.980634801836,-3076.936609305916,1619.02413107347,3293.68098938269
1758.19143846619,1341.929503486698,-1344.980634801836,-3076.936609305916,1588.86083698827,4312.58541432184
1758.19143846619,1658.923852829384,-1344.980634801836,-3076.936609305916,1574.1531270973,5289.00313667264
479.5559824375506,452.4802252061361,-1344.980634801836,-2420.64001419792,220.214756251906,774.970179046702
479.5559824375506,769.4745745488223,-1344.980634801836,-2420.64001419792,226.21021964799,1204.17262575181
479.5559824375506,1055.70203901776,-1344.980634801836,-2420.64001419792,239.500667165214,1631.65283240551
479.5559824375506,1341.929503486698,-1344.980634801836,-2420.64001419792,255.856405677068,2110.58788343651
479.5559824375506,1658.923852829384,-1344.980634801836,-2420.64001419792,276.578826857793,2570.65270960717
815.5188116571696,452.4802252061361,-1344.980634801836,-2420.64001419792,528.889361574485,1138.36580333901
815.5188116571696,769.4745745488223,-1344.980634801836,-2420.64001419792,545.25791389476,1707.57150139091
815.5188116571696,1055.70203901776,-1344.980634801836,-2420.64001419792,576.133767290695,2359.39682805673
815.5188116571696,1341.929503486698,-1344.980634801836,-2420.64001419792,593.84270343625,3104.07715053672
815.5188116571696,1658.923852829384,-1344.980634801836,-2420.64001419792,622.625878213998,3707.7177787113
1118.87371045187,452.4802252061361,-1344.980634801836,-2420.64001419792,916.648489630694,1365.8822749229
1118.87371045187,769.4745745488223,-1344.980634801836,-2420.64001419792,930.590625680374,2127.11783796441
1118.87371045187,1055.70203901776,-1344.980634801836,-2420.64001419792,952.667557611915,2968.14370600579
1118.87371045187,1341.929503486698,-1344.980634801836,-2420.64001419792,964.47472217493,3911.80272265524
1118.87371045187,1658.923852829384,-1344.980634801836,-2420.64001419792,992.782032465541,4732.25347898631
1422.22860924657,452.4802252061361,-1344.980634801836,-2420.64001419792,1330.26379800237,1638.15142361985
1422.22860924657,769.4745745488223,-1344.980634801836,-2420.64001419792,1330.70494521557,2566.05370730186
1422.22860924657,1055.70203901776,-1344.980634801836,-2420.64001419792,1337.40245471545,3593.24489283815
1422.22860924657,1341.929503486698,-1344.980634801836,-2420.64001419792,1328.90215031025,4701.72280140199
1422.22860924657,1658.923852829384,-1344.980634801836,-2420.64001419792,1339.92314974665,5717.36134863985
1758.19143846619,452.4802252061361,-1344.980634801836,-2420.64001419792,2092.3294878558,2332.08425653265
1758.19143846619,769.4745745488223,-1344.980634801836,-2420.64001419792,1723.70318728283,3068.85407240922
1758.19143846619,1055.70203901776,-1344.980634801836,-2420.64001419792,1715.73863482217,4272.90392527882
1758.19143846619,1341.929503486698,-1344.980634801836,-2420.64001419792,1692.00147088213,5580.70188197562
1758.19143846619,1658.923852829384,-1344.980634801836,-2420.64001419792,1690.56033094133,6775.80257038151
479.5559824375506,452.4802252061361,-1344.980634801836,-1764.343419089925,237.905520838787,981.643212812206
479.5559824375506,769.4745745488223,-1344.980634801836,-1764.343419089925,246.676800374572,1541.95246953542
479.5559824375506,1055.70203901776,-1344.980634801836,-1764.343419089925,266.415877028878,2044.5353513949
479.5559824375506,1341.929503486698,-1344.980634801836,-1764.343419089925,288.095942976206,2660.68254686681
479.5559824375506,1658.923852829384,-1344.980634801836,-1764.343419089925,311.425005968801,3243.70854587927
815.5188116571696,452.4802252061361,-1344.980634801836,-1764.343419089925,592.517899796936,1408.44859947078
815.5188116571696,769.4745745488223,-1344.980634801836,-1764.343419089925,613.345126654873,2127.02800349242
815.5188116571696,1055.70203901776,-1344.980634801836,-1764.343419089925,651.011960584792,2914.98349360106
815.5188116571696,1341.929503486698,-1344.980634801836,-1764.343419089925,669.231151155218,3831.96269495501
815.5188116571696,1658.923852829384,-1344.980634801836,-1764.343419089925,700.14175832698,4600.22994216259
1118.87371045187,452.4802252061361,-1344.980634801836,-1764.343419089925,1035.20353902045,1637.40775371682
1118.87371045187,769.4745745488223,-1344.980634801836,-1764.343419089925,1049.25189566794,2555.49221290604
1118.87371045187,1055.70203901776,-1344.980634801836,-1764.343419089925,1076.89261945259,3533.68799633187
1118.87371045187,1341.929503486698,-1344.980634801836,-1764.343419089925,1085.91813921844,4625.61571564553
1118.87371045187,1658.923852829384,-1344.980634801836,-1764.343419089925,1116.06330598384,5601.14012411064
1422.22860924657,452.4802252061361,-1344.980634801836,-1764.343419089925,1503.94119253235,1874.86997905976
1422.22860924657,769.4745745488223,-1344.980634801836,-1764.343419089925,1509.44259580652,2939.74984085452
1422.22860924657,1055.70203901776,-1344.980634801836,-1764.343419089925,1525.53925250483,4063.09138146341
1422.22860924657,1341.929503486698,-1344.980634801836,-1764.343419089925,1516.58870199279,5276.20700819933
1422.22860924657,1658.923852829384,-1344.980634801836,-1764.343419089925,1530.78387275365,6398.69514450362
1758.19143846619,452.4802252061361,-1344.980634801836,-1764.343419089925,1995.64226783417,2119.38204237083
1758.19143846619,769.4745745488223,-1344.980634801836,-1764.343419089925,1987.16641351648,3331.18808401801
1758.19143846619,1055.70203901776,-1344.980634801836,-1764.343419089925,1976.83465330152,4602.36653444686
1758.19143846619,1341.929503486698,-1344.980634801836,-1764.343419089925,1948.53926821142,5908.3219256475
1758.19143846619,1658.923852829384,-1344.980634801836,-1764.343419089925,1944.06234915542,7118.74727348011
479.5559824375506,452.4802252061361,-1344.980634801836,-1037.5008272091,272.338147182502,1020.41675695334
479.5559824375506,769.4745745488223,-1344.980634801836,-1037.5008272091,280.347105536849,1598.73883430935
479.5559824375506,1055.70203901776,-1344.980634801836,-1037.5008272091,296.970999019523,2111.9425580156
479.5559824375506,1341.929503486698,-1344.980634801836,-1037.5008272091,315.967248146013,2690.80640510443
479.5559824375506,1658.923852829384,-1344.980634801836,-1037.5008272091,333.734145896508,3307.15535635231
815.5188116571696,452.4802252061361,-1344.980634801836,-1037.5008272091,633.109568558871,1385.36080493029
815.5188116571696,769.4745745488223,-1344.980634801836,-1037.5008272091,642.707980221578,2114.4591184345
815.5188116571696,1055.70203901776,-1344.980634801836,-1037.5008272091,674.135753767009,2854.20795017354
815.5188116571696,1341.929503486698,-1344.980634801836,-1037.5008272091,686.993076557151,3696.65809791945
815.5188116571696,1658.923852829384,-1344.980634801836,-1037.5008272091,707.115791588187,4449.52149454752
1118.87371045187,452.4802252061361,-1344.980634801836,-1037.5008272091,1045.28038969564,1524.68081965465
1118.87371045187,769.4745745488223,-1344.980634801836,-1037.5008272091,1048.19096719247,2400.45753473987
1118.87371045187,1055.70203901776,-1344.980634801836,-1037.5008272091,1066.60352351346,3251.53530186999
1118.87371045187,1341.929503486698,-1344.980634801836,-1037.5008272091,1065.01742493566,4215.51217744017
1118.87371045187,1658.923852829384,-1344.980634801836,-1037.5008272091,1081.94266224598,5077.15272787331
1422.22860924657,452.4802252061361,-1344.980634801836,-1037.5008272091,1456.14174396408,1647.12992124756
1422.22860924657,769.4745745488223,-1344.980634801836,-1037.5008272091,1447.17409623184,2593.38012570016
1422.22860924657,1055.70203901776,-1344.980634801836,-1037.5008272091,1451.23665220812,3517.33703807026
1422.22860924657,1341.929503486698,-1344.980634801836,-1037.5008272091,1430.83112685706,4520.96528035111
1422.22860924657,1658.923852829384,-1344.980634801836,-1037.5008272091,1428.31134996415,5430.45745850592
1758.19143846619,452.4802252061361,-1344.980634801836,-1037.5008272091,1858.14731444299,1745.47429610027
1758.19143846619,769.4745745488223,-1344.980634801836,-1037.5008272091,1835.27359101594,2747.41811398097
1758.19143846619,1055.70203901776,-1344.980634801836,-1037.5008272091,1813.66466795005,3737.54289562576
1758.19143846619,1341.929503486698,-1344.980634801836,-1037.5008272091,1772.98865244692,4745.35486820048
1758.19143846619,1658.923852829384,-1344.980634801836,-1037.5008272091,1752.98328620374,5659.18553957563
